7.4,0.700,0.000,1.90,0.076,11,34,0.9978,3.51,0.56,9.40,5
7.8,0.880,0.000,2.60,0.098,25,67,0.9968,3.2,0.68,9.80,5
7.8,0.760,0.040,2.30,0.092,15,54,0.9970,3.26,0.65,9.80,5
11.2,0.280,0.560,1.90,0.075,17,60,0.9980,3.16,0.58,9.80,6
7.4,0.700,0.000,1.90,0.076,11,34,0.9978,3.51,0.56,9.40,5
7.4,0.660,0.000,1.80,0.075,13,40,0.9978,3.51,0.56,9.40,5
7.9,0.600,0.060,1.60,0.069,15,59,0.9964,3.3,0.46,9.40,5
7.3,0.650,0.000,1.20,0.065,15,21,0.9946,3.39,0.47,10.00,7
7.8,0.580,0.020,2.00,0.073,9,18,0.9968,3.36,0.57,9.50,7
7.5,0.500,0.360,6.10,0.071,17,102,0.9978,3.35,0.8,10.50,5
6.7,0.580,0.080,1.80,0.097,15,65,0.9959,3.28,0.54,9.20,5
7.5,0.500,0.360,6.10,0.071,17,102,0.9978,3.35,0.8,10.50,5
5.6,0.615,0.000,1.60,0.089,16,59,0.9943,3.58,0.52,9.90,5
7.8,0.610,0.290,1.60,0.114,9,29,0.9974,3.26,1.56,9.10,5
8.9,0.620,0.180,3.80,0.176,52,145,0.9986,3.16,0.88,9.20,5
8.9,0.620,0.190,3.90,0.170,51,148,0.9986,3.17,0.93,9.20,5
8.5,0.280,0.560,1.80,0.092,35,103,0.9969,3.3,0.75,10.50,7
8.1,0.560,0.280,1.70,0.368,16,56,0.9968,3.11,1.28,9.30,5
7.4,0.590,0.080,4.40,0.086,6,29,0.9974,3.38,0.5,9.00,4
7.9,0.320,0.510,1.80,0.341,17,56,0.9969,3.04,1.08,9.20,6
8.9,0.220,0.480,1.80,0.077,29,60,0.9968,3.39,0.53,9.40,6
7.6,0.390,0.310,2.30,0.082,23,71,0.9982,3.52,0.65,9.70,5
7.9,0.430,0.210,1.60,0.106,10,37,0.9966,3.17,0.91,9.50,5
8.5,0.490,0.110,2.30,0.084,9,67,0.9968,3.17,0.53,9.40,5
6.9,0.400,0.140,2.40,0.085,21,40,0.9968,3.43,0.63,9.70,6
6.3,0.390,0.160,1.40,0.080,11,23,0.9955,3.34,0.56,9.30,5
7.6,0.410,0.240,1.80,0.080,4,11,0.9962,3.28,0.59,9.50,5
7.9,0.430,0.210,1.60,0.106,10,37,0.9966,3.17,0.91,9.50,5
7.1,0.710,0.000,1.90,0.080,14,35,0.9972,3.47,0.55,9.40,5
7.8,0.645,0.000,2.00,0.082,8,16,0.9964,3.38,0.59,9.80,6
6.7,0.675,0.070,2.40,0.089,17,82,0.9958,3.35,0.54,10.10,5
6.9,0.685,0.000,2.50,0.105,22,37,0.9966,3.46,0.57,10.60,6
8.3,0.655,0.120,2.30,0.083,15,113,0.9966,3.17,0.66,9.80,5
6.9,0.605,0.120,10.70,0.073,40,83,0.9993,3.45,0.52,9.40,6
5.2,0.320,0.250,1.80,0.103,13,50,0.9957,3.38,0.55,9.20,5
7.8,0.645,0.000,5.50,0.086,5,18,0.9986,3.4,0.55,9.60,6
7.8,0.600,0.140,2.40,0.086,3,15,0.9975,3.42,0.6,10.80,6
8.1,0.380,0.280,2.10,0.066,13,30,0.9968,3.23,0.73,9.70,7
5.7,1.130,0.090,1.50,0.172,7,19,0.9940,3.5,0.48,9.80,4
7.3,0.450,0.360,5.90,0.074,12,87,0.9978,3.33,0.83,10.50,5
7.3,0.450,0.360,5.90,0.074,12,87,0.9978,3.33,0.83,10.50,5
8.8,0.610,0.300,2.80,0.088,17,46,0.9976,3.26,0.51,9.30,4
7.5,0.490,0.200,2.60,0.332,8,14,0.9968,3.21,0.9,10.50,6
8.1,0.660,0.220,2.20,0.069,9,23,0.9968,3.3,1.2,10.30,5
6.8,0.670,0.020,1.80,0.050,5,11,0.9962,3.48,0.52,9.50,5
4.6,0.520,0.150,2.10,0.054,8,65,0.9934,3.9,0.56,13.10,4
7.7,0.935,0.430,2.20,0.114,22,114,0.9970,3.25,0.73,9.20,5
8.7,0.290,0.520,1.60,0.113,12,37,0.9969,3.25,0.58,9.50,5
6.4,0.400,0.230,1.60,0.066,5,12,0.9958,3.34,0.56,9.20,5
5.6,0.310,0.370,1.40,0.074,12,96,0.9954,3.32,0.58,9.20,5
8.8,0.660,0.260,1.70,0.074,4,23,0.9971,3.15,0.74,9.20,5
6.6,0.520,0.040,2.20,0.069,8,15,0.9956,3.4,0.63,9.40,6
6.6,0.500,0.040,2.10,0.068,6,14,0.9955,3.39,0.64,9.40,6
8.6,0.380,0.360,3.00,0.081,30,119,0.9970,3.2,0.56,9.40,5
7.6,0.510,0.150,2.80,0.110,33,73,0.9955,3.17,0.63,10.20,6
7.7,0.620,0.040,3.80,0.084,25,45,0.9978,3.34,0.53,9.50,5
10.2,0.420,0.570,3.40,0.070,4,10,0.9971,3.04,0.63,9.60,5
7.5,0.630,0.120,5.10,0.111,50,110,0.9983,3.26,0.77,9.40,5
7.8,0.590,0.180,2.30,0.076,17,54,0.9975,3.43,0.59,10.00,5
7.3,0.390,0.310,2.40,0.074,9,46,0.9962,3.41,0.54,9.40,6
8.8,0.400,0.400,2.20,0.079,19,52,0.9980,3.44,0.64,9.20,5
7.7,0.690,0.490,1.80,0.115,20,112,0.9968,3.21,0.71,9.30,5
7.5,0.520,0.160,1.90,0.085,12,35,0.9968,3.38,0.62,9.50,7
7.0,0.735,0.050,2.00,0.081,13,54,0.9966,3.39,0.57,9.80,5
7.2,0.725,0.050,4.65,0.086,4,11,0.9962,3.41,0.39,10.90,5
7.2,0.725,0.050,4.65,0.086,4,11,0.9962,3.41,0.39,10.90,5
7.5,0.520,0.110,1.50,0.079,11,39,0.9968,3.42,0.58,9.60,5
6.6,0.705,0.070,1.60,0.076,6,15,0.9962,3.44,0.58,10.70,5
9.3,0.320,0.570,2.00,0.074,27,65,0.9969,3.28,0.79,10.70,5
8.0,0.705,0.050,1.90,0.074,8,19,0.9962,3.34,0.95,10.50,6
7.7,0.630,0.080,1.90,0.076,15,27,0.9967,3.32,0.54,9.50,6
7.7,0.670,0.230,2.10,0.088,17,96,0.9962,3.32,0.48,9.50,5
7.7,0.690,0.220,1.90,0.084,18,94,0.9961,3.31,0.48,9.50,5
8.3,0.675,0.260,2.10,0.084,11,43,0.9976,3.31,0.53,9.20,4
9.7,0.320,0.540,2.50,0.094,28,83,0.9984,3.28,0.82,9.60,5
8.8,0.410,0.640,2.20,0.093,9,42,0.9986,3.54,0.66,10.50,5
8.8,0.410,0.640,2.20,0.093,9,42,0.9986,3.54,0.66,10.50,5
6.8,0.785,0.000,2.40,0.104,14,30,0.9966,3.52,0.55,10.70,6
6.7,0.750,0.120,2.00,0.086,12,80,0.9958,3.38,0.52,10.10,5
8.3,0.625,0.200,1.50,0.080,27,119,0.9972,3.16,1.12,9.10,4
6.2,0.450,0.200,1.60,0.069,3,15,0.9958,3.41,0.56,9.20,5
7.8,0.430,0.700,1.90,0.464,22,67,0.9974,3.13,1.28,9.40,5
7.4,0.500,0.470,2.00,0.086,21,73,0.9970,3.36,0.57,9.10,5
7.3,0.670,0.260,1.80,0.401,16,51,0.9969,3.16,1.14,9.40,5
6.3,0.300,0.480,1.80,0.069,18,61,0.9959,3.44,0.78,10.30,6
6.9,0.550,0.150,2.20,0.076,19,40,0.9961,3.41,0.59,10.10,5
8.6,0.490,0.280,1.90,0.110,20,136,0.9972,2.93,1.95,9.90,6
7.7,0.490,0.260,1.90,0.062,9,31,0.9966,3.39,0.64,9.60,5
9.3,0.390,0.440,2.10,0.107,34,125,0.9978,3.14,1.22,9.50,5
7.0,0.620,0.080,1.80,0.076,8,24,0.9978,3.48,0.53,9.00,5
7.9,0.520,0.260,1.90,0.079,42,140,0.9964,3.23,0.54,9.50,5
8.6,0.490,0.280,1.90,0.110,20,136,0.9972,2.93,1.95,9.90,6
8.6,0.490,0.290,2.00,0.110,19,133,0.9972,2.93,1.98,9.80,5
7.7,0.490,0.260,1.90,0.062,9,31,0.9966,3.39,0.64,9.60,5
5.0,1.020,0.040,1.40,0.045,41,85,0.9938,3.75,0.48,10.50,4
4.7,0.600,0.170,2.30,0.058,17,106,0.9932,3.85,0.6,12.90,6
6.8,0.775,0.000,3.00,0.102,8,23,0.9965,3.45,0.56,10.70,5
7.0,0.500,0.250,2.00,0.070,3,22,0.9963,3.25,0.63,9.20,5
7.6,0.900,0.060,2.50,0.079,5,10,0.9967,3.39,0.56,9.80,5
8.1,0.545,0.180,1.90,0.080,13,35,0.9972,3.3,0.59,9.00,6
8.3,0.610,0.300,2.10,0.084,11,50,0.9972,3.4,0.61,10.20,6
7.8,0.500,0.300,1.90,0.075,8,22,0.9959,3.31,0.56,10.40,6
8.1,0.545,0.180,1.90,0.080,13,35,0.9972,3.3,0.59,9.00,6
8.1,0.575,0.220,2.10,0.077,12,65,0.9967,3.29,0.51,9.20,5
7.2,0.490,0.240,2.20,0.070,5,36,0.9960,3.33,0.48,9.40,5
8.1,0.575,0.220,2.10,0.077,12,65,0.9967,3.29,0.51,9.20,5
7.8,0.410,0.680,1.70,0.467,18,69,0.9973,3.08,1.31,9.30,5
6.2,0.630,0.310,1.70,0.088,15,64,0.9969,3.46,0.79,9.30,5
8.0,0.330,0.530,2.50,0.091,18,80,0.9976,3.37,0.8,9.60,6
8.1,0.785,0.520,2.00,0.122,37,153,0.9969,3.21,0.69,9.30,5
7.8,0.560,0.190,1.80,0.104,12,47,0.9964,3.19,0.93,9.50,5
8.4,0.620,0.090,2.20,0.084,11,108,0.9964,3.15,0.66,9.80,5
8.4,0.600,0.100,2.20,0.085,14,111,0.9964,3.15,0.66,9.80,5
10.1,0.310,0.440,2.30,0.080,22,46,0.9988,3.32,0.67,9.70,6
7.8,0.560,0.190,1.80,0.104,12,47,0.9964,3.19,0.93,9.50,5
9.4,0.400,0.310,2.20,0.090,13,62,0.9966,3.07,0.63,10.50,6
8.3,0.540,0.280,1.90,0.077,11,40,0.9978,3.39,0.61,10.00,6
7.8,0.560,0.120,2.00,0.082,7,28,0.9970,3.37,0.5,9.40,6
8.8,0.550,0.040,2.20,0.119,14,56,0.9962,3.21,0.6,10.90,6
7.0,0.690,0.080,1.80,0.097,22,89,0.9959,3.34,0.54,9.20,6
7.3,1.070,0.090,1.70,0.178,10,89,0.9962,3.3,0.57,9.00,5
8.8,0.550,0.040,2.20,0.119,14,56,0.9962,3.21,0.6,10.90,6
7.3,0.695,0.000,2.50,0.075,3,13,0.9980,3.49,0.52,9.20,5
8.0,0.710,0.000,2.60,0.080,11,34,0.9976,3.44,0.53,9.50,5
7.8,0.500,0.170,1.60,0.082,21,102,0.9960,3.39,0.48,9.50,5
9.0,0.620,0.040,1.90,0.146,27,90,0.9984,3.16,0.7,9.40,5
8.2,1.330,0.000,1.70,0.081,3,12,0.9964,3.53,0.49,10.90,5
8.1,1.330,0.000,1.80,0.082,3,12,0.9964,3.54,0.48,10.90,5
8.0,0.590,0.160,1.80,0.065,3,16,0.9962,3.42,0.92,10.50,7
6.1,0.380,0.150,1.80,0.072,6,19,0.9955,3.42,0.57,9.40,5
8.0,0.745,0.560,2.00,0.118,30,134,0.9968,3.24,0.66,9.40,5
5.6,0.500,0.090,2.30,0.049,17,99,0.9937,3.63,0.63,13.00,5
5.6,0.500,0.090,2.30,0.049,17,99,0.9937,3.63,0.63,13.00,5
6.6,0.500,0.010,1.50,0.060,17,26,0.9952,3.4,0.58,9.80,6
7.9,1.040,0.050,2.20,0.084,13,29,0.9959,3.22,0.55,9.90,6
8.4,0.745,0.110,1.90,0.090,16,63,0.9965,3.19,0.82,9.60,5
8.3,0.715,0.150,1.80,0.089,10,52,0.9968,3.23,0.77,9.50,5
7.2,0.415,0.360,2.00,0.081,13,45,0.9972,3.48,0.64,9.20,5
7.8,0.560,0.190,2.10,0.081,15,105,0.9962,3.33,0.54,9.50,5
7.8,0.560,0.190,2.00,0.081,17,108,0.9962,3.32,0.54,9.50,5
8.4,0.745,0.110,1.90,0.090,16,63,0.9965,3.19,0.82,9.60,5
8.3,0.715,0.150,1.80,0.089,10,52,0.9968,3.23,0.77,9.50,5
5.2,0.340,0.000,1.80,0.050,27,63,0.9916,3.68,0.79,14.00,6
6.3,0.390,0.080,1.70,0.066,3,20,0.9954,3.34,0.58,9.40,5
5.2,0.340,0.000,1.80,0.050,27,63,0.9916,3.68,0.79,14.00,6
8.1,0.670,0.550,1.80,0.117,32,141,0.9968,3.17,0.62,9.40,5
5.8,0.680,0.020,1.80,0.087,21,94,0.9944,3.54,0.52,10.00,5
7.6,0.490,0.260,1.60,0.236,10,88,0.9968,3.11,0.8,9.30,5
6.9,0.490,0.100,2.30,0.074,12,30,0.9959,3.42,0.58,10.20,6
8.2,0.400,0.440,2.80,0.089,11,43,0.9975,3.53,0.61,10.50,6
7.3,0.330,0.470,2.10,0.077,5,11,0.9958,3.33,0.53,10.30,6
9.2,0.520,1.000,3.40,0.610,32,69,0.9996,2.74,2,9.40,4
7.5,0.600,0.030,1.80,0.095,25,99,0.9950,3.35,0.54,10.10,5
7.5,0.600,0.030,1.80,0.095,25,99,0.9950,3.35,0.54,10.10,5
7.1,0.430,0.420,5.50,0.070,29,129,0.9973,3.42,0.72,10.50,5
7.1,0.430,0.420,5.50,0.071,28,128,0.9973,3.42,0.71,10.50,5
7.1,0.430,0.420,5.50,0.070,29,129,0.9973,3.42,0.72,10.50,5
7.1,0.430,0.420,5.50,0.071,28,128,0.9973,3.42,0.71,10.50,5
7.1,0.680,0.000,2.20,0.073,12,22,0.9969,3.48,0.5,9.30,5
6.8,0.600,0.180,1.90,0.079,18,86,0.9968,3.59,0.57,9.30,6
7.6,0.950,0.030,2.00,0.090,7,20,0.9959,3.2,0.56,9.60,5
7.6,0.680,0.020,1.30,0.072,9,20,0.9965,3.17,1.08,9.20,4
7.8,0.530,0.040,1.70,0.076,17,31,0.9964,3.33,0.56,10.00,6
7.4,0.600,0.260,7.30,0.070,36,121,0.9982,3.37,0.49,9.40,5
7.3,0.590,0.260,7.20,0.070,35,121,0.9981,3.37,0.49,9.40,5
7.8,0.630,0.480,1.70,0.100,14,96,0.9961,3.19,0.62,9.50,5
6.8,0.640,0.100,2.10,0.085,18,101,0.9956,3.34,0.52,10.20,5
7.3,0.550,0.030,1.60,0.072,17,42,0.9956,3.37,0.48,9.00,4
6.8,0.630,0.070,2.10,0.089,11,44,0.9953,3.47,0.55,10.40,6
7.5,0.705,0.240,1.80,0.360,15,63,0.9964,3,1.59,9.50,5
7.9,0.885,0.030,1.80,0.058,4,8,0.9972,3.36,0.33,9.10,4
8.0,0.420,0.170,2.00,0.073,6,18,0.9972,3.29,0.61,9.20,6
8.0,0.420,0.170,2.00,0.073,6,18,0.9972,3.29,0.61,9.20,6
7.4,0.620,0.050,1.90,0.068,24,42,0.9961,3.42,0.57,11.50,6
7.3,0.380,0.210,2.00,0.080,7,35,0.9961,3.33,0.47,9.50,5
6.9,0.500,0.040,1.50,0.085,19,49,0.9958,3.35,0.78,9.50,5
7.3,0.380,0.210,2.00,0.080,7,35,0.9961,3.33,0.47,9.50,5
7.5,0.520,0.420,2.30,0.087,8,38,0.9972,3.58,0.61,10.50,6
7.0,0.805,0.000,2.50,0.068,7,20,0.9969,3.48,0.56,9.60,5
8.8,0.610,0.140,2.40,0.067,10,42,0.9969,3.19,0.59,9.50,5
8.8,0.610,0.140,2.40,0.067,10,42,0.9969,3.19,0.59,9.50,5
8.9,0.610,0.490,2.00,0.270,23,110,0.9972,3.12,1.02,9.30,5
7.2,0.730,0.020,2.50,0.076,16,42,0.9972,3.44,0.52,9.30,5
6.8,0.610,0.200,1.80,0.077,11,65,0.9971,3.54,0.58,9.30,5
6.7,0.620,0.210,1.90,0.079,8,62,0.9970,3.52,0.58,9.30,6
8.9,0.310,0.570,2.00,0.111,26,85,0.9971,3.26,0.53,9.70,5
7.4,0.390,0.480,2.00,0.082,14,67,0.9972,3.34,0.55,9.20,5
7.7,0.705,0.100,2.60,0.084,9,26,0.9976,3.39,0.49,9.70,5
7.9,0.500,0.330,2.00,0.084,15,143,0.9968,3.2,0.55,9.50,5
7.9,0.490,0.320,1.90,0.082,17,144,0.9968,3.2,0.55,9.50,5
8.2,0.500,0.350,2.90,0.077,21,127,0.9976,3.23,0.62,9.40,5
6.4,0.370,0.250,1.90,0.074,21,49,0.9974,3.57,0.62,9.80,6
6.8,0.630,0.120,3.80,0.099,16,126,0.9969,3.28,0.61,9.50,5
7.6,0.550,0.210,2.20,0.071,7,28,0.9964,3.28,0.55,9.70,5
7.6,0.550,0.210,2.20,0.071,7,28,0.9964,3.28,0.55,9.70,5
7.8,0.590,0.330,2.00,0.074,24,120,0.9968,3.25,0.54,9.40,5
7.3,0.580,0.300,2.40,0.074,15,55,0.9968,3.46,0.59,10.20,5
11.5,0.300,0.600,2.00,0.067,12,27,0.9981,3.11,0.97,10.10,6
5.4,0.835,0.080,1.20,0.046,13,93,0.9924,3.57,0.85,13.00,7
6.9,1.090,0.060,2.10,0.061,12,31,0.9948,3.51,0.43,11.40,4
9.6,0.320,0.470,1.40,0.056,9,24,0.9970,3.22,0.82,10.30,7
8.8,0.370,0.480,2.10,0.097,39,145,0.9975,3.04,1.03,9.30,5
6.8,0.500,0.110,1.50,0.075,16,49,0.9955,3.36,0.79,9.50,5
7.0,0.420,0.350,1.60,0.088,16,39,0.9961,3.34,0.55,9.20,5
7.0,0.430,0.360,1.60,0.089,14,37,0.9962,3.34,0.56,9.20,6
12.8,0.300,0.740,2.60,0.095,9,28,0.9994,3.2,0.77,10.80,7
12.8,0.300,0.740,2.60,0.095,9,28,0.9994,3.2,0.77,10.80,7
7.8,0.570,0.310,1.80,0.069,26,120,0.9963,3.29,0.53,9.30,5
7.8,0.440,0.280,2.70,0.100,18,95,0.9966,3.22,0.67,9.40,5
11.0,0.300,0.580,2.10,0.054,7,19,0.9980,3.31,0.88,10.50,7
9.7,0.530,0.600,2.00,0.039,5,19,0.9959,3.3,0.86,12.40,6
8.0,0.725,0.240,2.80,0.083,10,62,0.9969,3.35,0.56,10.00,6
11.6,0.440,0.640,2.10,0.059,5,15,0.9980,3.21,0.67,10.20,6
8.2,0.570,0.260,2.20,0.060,28,65,0.9959,3.3,0.43,10.10,5
7.8,0.735,0.080,2.40,0.092,10,41,0.9974,3.24,0.71,9.80,6
7.0,0.490,0.490,5.60,0.060,26,121,0.9974,3.34,0.76,10.50,5
8.7,0.625,0.160,2.00,0.101,13,49,0.9962,3.14,0.57,11.00,5
8.1,0.725,0.220,2.20,0.072,11,41,0.9967,3.36,0.55,9.10,5
7.5,0.490,0.190,1.90,0.076,10,44,0.9957,3.39,0.54,9.70,5
7.8,0.530,0.330,2.40,0.080,24,144,0.9966,3.3,0.6,9.50,5
7.8,0.340,0.370,2.00,0.082,24,58,0.9964,3.34,0.59,9.40,6
7.4,0.530,0.260,2.00,0.101,16,72,0.9957,3.15,0.57,9.40,5
6.8,0.610,0.040,1.50,0.057,5,10,0.9953,3.42,0.6,9.50,5
8.6,0.645,0.250,2.00,0.083,8,28,0.9982,3.28,0.6,10.00,6
8.4,0.635,0.360,2.00,0.089,15,55,0.9975,3.31,0.57,10.40,4
7.7,0.430,0.250,2.60,0.073,29,63,0.9962,3.37,0.58,10.50,6
8.9,0.590,0.500,2.00,0.337,27,81,0.9964,3.04,1.61,9.50,6
9.0,0.820,0.140,2.60,0.089,9,23,0.9984,3.39,0.63,9.80,5
7.7,0.430,0.250,2.60,0.073,29,63,0.9962,3.37,0.58,10.50,6
6.9,0.520,0.250,2.60,0.081,10,37,0.9969,3.46,0.5,11.00,5
5.2,0.480,0.040,1.60,0.054,19,106,0.9927,3.54,0.62,12.20,7
8.0,0.380,0.060,1.80,0.078,12,49,0.9963,3.37,0.52,9.90,6
8.5,0.370,0.200,2.80,0.090,18,58,0.9980,3.34,0.7,9.60,6
6.9,0.520,0.250,2.60,0.081,10,37,0.9969,3.46,0.5,11.00,5
8.2,1.000,0.090,2.30,0.065,7,37,0.9969,3.32,0.55,9.00,6
7.2,0.630,0.000,1.90,0.097,14,38,0.9968,3.37,0.58,9.00,6
7.2,0.630,0.000,1.90,0.097,14,38,0.9968,3.37,0.58,9.00,6
7.2,0.645,0.000,1.90,0.097,15,39,0.9968,3.37,0.58,9.20,6
7.2,0.630,0.000,1.90,0.097,14,38,0.9968,3.37,0.58,9.00,6
8.2,1.000,0.090,2.30,0.065,7,37,0.9969,3.32,0.55,9.00,6
8.9,0.635,0.370,1.70,0.263,5,62,0.9971,3,1.09,9.30,5
12.0,0.380,0.560,2.10,0.093,6,24,0.9993,3.14,0.71,10.90,6
7.7,0.580,0.100,1.80,0.102,28,109,0.9957,3.08,0.49,9.80,6
15.0,0.210,0.440,2.20,0.075,10,24,1.0001,3.07,0.84,9.20,7
15.0,0.210,0.440,2.20,0.075,10,24,1.0001,3.07,0.84,9.20,7
7.3,0.660,0.000,2.00,0.084,6,23,0.9983,3.61,0.96,9.90,6
7.1,0.680,0.070,1.90,0.075,16,51,0.9969,3.38,0.52,9.50,5
8.2,0.600,0.170,2.30,0.072,11,73,0.9963,3.2,0.45,9.30,5
7.7,0.530,0.060,1.70,0.074,9,39,0.9962,3.35,0.48,9.80,6
7.3,0.660,0.000,2.00,0.084,6,23,0.9983,3.61,0.96,9.90,6
10.8,0.320,0.440,1.60,0.063,16,37,0.9985,3.22,0.78,10.00,6
7.1,0.600,0.000,1.80,0.074,16,34,0.9972,3.47,0.7,9.90,6
11.1,0.350,0.480,3.10,0.090,5,21,0.9986,3.17,0.53,10.50,5
7.7,0.775,0.420,1.90,0.092,8,86,0.9959,3.23,0.59,9.50,5
7.1,0.600,0.000,1.80,0.074,16,34,0.9972,3.47,0.7,9.90,6
8.0,0.570,0.230,3.20,0.073,17,119,0.9968,3.26,0.57,9.30,5
9.4,0.340,0.370,2.20,0.075,5,13,0.9980,3.22,0.62,9.20,5
6.6,0.695,0.000,2.10,0.075,12,56,0.9968,3.49,0.67,9.20,5
7.7,0.410,0.760,1.80,0.611,8,45,0.9968,3.06,1.26,9.40,5
10.0,0.310,0.470,2.60,0.085,14,33,0.9997,3.36,0.8,10.50,7
7.9,0.330,0.230,1.70,0.077,18,45,0.9963,3.29,0.65,9.30,5
7.0,0.975,0.040,2.00,0.087,12,67,0.9957,3.35,0.6,9.40,4
8.0,0.520,0.030,1.70,0.070,10,35,0.9958,3.34,0.57,10.00,5
7.9,0.370,0.230,1.80,0.077,23,49,0.9963,3.28,0.67,9.30,5
12.5,0.560,0.490,2.40,0.064,5,27,0.9999,3.08,0.87,10.90,5
11.8,0.260,0.520,1.80,0.071,6,10,0.9968,3.2,0.72,10.20,7
8.1,0.870,0.000,3.30,0.096,26,61,1.0003,3.6,0.72,9.80,4
7.9,0.350,0.460,3.60,0.078,15,37,0.9973,3.35,0.86,12.80,8
6.9,0.540,0.040,3.00,0.077,7,27,0.9987,3.69,0.91,9.40,6
11.5,0.180,0.510,4.00,0.104,4,23,0.9996,3.28,0.97,10.10,6
7.9,0.545,0.060,4.00,0.087,27,61,0.9965,3.36,0.67,10.70,6
11.5,0.180,0.510,4.00,0.104,4,23,0.9996,3.28,0.97,10.10,6
10.9,0.370,0.580,4.00,0.071,17,65,0.9994,3.22,0.78,10.10,5
8.4,0.715,0.200,2.40,0.076,10,38,0.9974,3.31,0.64,9.40,5
7.5,0.650,0.180,7.00,0.088,27,94,0.9992,3.38,0.77,9.40,5
7.9,0.545,0.060,4.00,0.087,27,61,0.9965,3.36,0.67,10.70,6
6.9,0.540,0.040,3.00,0.077,7,27,0.9987,3.69,0.91,9.40,6
11.5,0.180,0.510,4.00,0.104,4,23,0.9996,3.28,0.97,10.10,6
10.3,0.320,0.450,6.40,0.073,5,13,0.9976,3.23,0.82,12.60,8
8.9,0.400,0.320,5.60,0.087,10,47,0.9991,3.38,0.77,10.50,7
11.4,0.260,0.440,3.60,0.071,6,19,0.9986,3.12,0.82,9.30,6
7.7,0.270,0.680,3.50,0.358,5,10,0.9972,3.25,1.08,9.90,7
7.6,0.520,0.120,3.00,0.067,12,53,0.9971,3.36,0.57,9.10,5
8.9,0.400,0.320,5.60,0.087,10,47,0.9991,3.38,0.77,10.50,7
9.9,0.590,0.070,3.40,0.102,32,71,1.0002,3.31,0.71,9.80,5
9.9,0.590,0.070,3.40,0.102,32,71,1.0002,3.31,0.71,9.80,5
12.0,0.450,0.550,2.00,0.073,25,49,0.9997,3.1,0.76,10.30,6
7.5,0.400,0.120,3.00,0.092,29,53,0.9967,3.37,0.7,10.30,6
8.7,0.520,0.090,2.50,0.091,20,49,0.9976,3.34,0.86,10.60,7
11.6,0.420,0.530,3.30,0.105,33,98,1.0010,3.2,0.95,9.20,5
8.7,0.520,0.090,2.50,0.091,20,49,0.9976,3.34,0.86,10.60,7
11.0,0.200,0.480,2.00,0.343,6,18,0.9979,3.3,0.71,10.50,5
10.4,0.550,0.230,2.70,0.091,18,48,0.9994,3.22,0.64,10.30,6
6.9,0.360,0.250,2.40,0.098,5,16,0.9964,3.41,0.6,10.10,6
13.3,0.340,0.520,3.20,0.094,17,53,1.0014,3.05,0.81,9.50,6
10.8,0.500,0.460,2.50,0.073,5,27,1.0001,3.05,0.64,9.50,5
10.6,0.830,0.370,2.60,0.086,26,70,0.9981,3.16,0.52,9.90,5
7.1,0.630,0.060,2.00,0.083,8,29,0.9986,3.67,0.73,9.60,5
7.2,0.650,0.020,2.30,0.094,5,31,0.9993,3.67,0.8,9.70,5
6.9,0.670,0.060,2.10,0.080,8,33,0.9985,3.68,0.71,9.60,5
7.5,0.530,0.060,2.60,0.086,20,44,0.9965,3.38,0.59,10.70,6
11.1,0.180,0.480,1.50,0.068,7,15,0.9973,3.22,0.64,10.10,6
8.3,0.705,0.120,2.60,0.092,12,28,0.9994,3.51,0.72,10.00,5
7.4,0.670,0.120,1.60,0.186,5,21,0.9960,3.39,0.54,9.50,5
8.4,0.650,0.600,2.10,0.112,12,90,0.9973,3.2,0.52,9.20,5
10.3,0.530,0.480,2.50,0.063,6,25,0.9998,3.12,0.59,9.30,6
7.6,0.620,0.320,2.20,0.082,7,54,0.9966,3.36,0.52,9.40,5
10.3,0.410,0.420,2.40,0.213,6,14,0.9994,3.19,0.62,9.50,6
10.3,0.430,0.440,2.40,0.214,5,12,0.9994,3.19,0.63,9.50,6
7.4,0.290,0.380,1.70,0.062,9,30,0.9968,3.41,0.53,9.50,6
10.3,0.530,0.480,2.50,0.063,6,25,0.9998,3.12,0.59,9.30,6
7.9,0.530,0.240,2.00,0.072,15,105,0.9960,3.27,0.54,9.40,6
9.0,0.460,0.310,2.80,0.093,19,98,0.9982,3.32,0.63,9.50,6
8.6,0.470,0.300,3.00,0.076,30,135,0.9976,3.3,0.53,9.40,5
7.4,0.360,0.290,2.60,0.087,26,72,0.9965,3.39,0.68,11.00,5
7.1,0.350,0.290,2.50,0.096,20,53,0.9962,3.42,0.65,11.00,6
9.6,0.560,0.230,3.40,0.102,37,92,0.9996,3.3,0.65,10.10,5
9.6,0.770,0.120,2.90,0.082,30,74,0.9987,3.3,0.64,10.40,6
9.8,0.660,0.390,3.20,0.083,21,59,0.9989,3.37,0.71,11.50,7
9.6,0.770,0.120,2.90,0.082,30,74,0.9987,3.3,0.64,10.40,6
9.8,0.660,0.390,3.20,0.083,21,59,0.9989,3.37,0.71,11.50,7
9.3,0.610,0.260,3.40,0.090,25,87,0.9998,3.24,0.62,9.70,5
7.8,0.620,0.050,2.30,0.079,6,18,0.9974,3.29,0.63,9.30,5
10.3,0.590,0.420,2.80,0.090,35,73,0.9990,3.28,0.7,9.50,6
10.0,0.490,0.200,11.00,0.071,13,50,1.0015,3.16,0.69,9.20,6
10.0,0.490,0.200,11.00,0.071,13,50,1.0015,3.16,0.69,9.20,6
11.6,0.530,0.660,3.65,0.121,6,14,0.9978,3.05,0.74,11.50,7
10.3,0.440,0.500,4.50,0.107,5,13,0.9980,3.28,0.83,11.50,5
13.4,0.270,0.620,2.60,0.082,6,21,1.0002,3.16,0.67,9.70,6
10.7,0.460,0.390,2.00,0.061,7,15,0.9981,3.18,0.62,9.50,5
10.2,0.360,0.640,2.90,0.122,10,41,0.9980,3.23,0.66,12.50,6
10.2,0.360,0.640,2.90,0.122,10,41,0.9980,3.23,0.66,12.50,6
8.0,0.580,0.280,3.20,0.066,21,114,0.9973,3.22,0.54,9.40,6
8.4,0.560,0.080,2.10,0.105,16,44,0.9958,3.13,0.52,11.00,5
7.9,0.650,0.010,2.50,0.078,17,38,0.9963,3.34,0.74,11.70,7
11.9,0.695,0.530,3.40,0.128,7,21,0.9992,3.17,0.84,12.20,7
8.9,0.430,0.450,1.90,0.052,6,16,0.9948,3.35,0.7,12.50,6
7.8,0.430,0.320,2.80,0.080,29,58,0.9974,3.31,0.64,10.30,5
12.4,0.490,0.580,3.00,0.103,28,99,1.0008,3.16,1,11.50,6
12.5,0.280,0.540,2.30,0.082,12,29,0.9997,3.11,1.36,9.80,7
12.2,0.340,0.500,2.40,0.066,10,21,1.0000,3.12,1.18,9.20,6
10.6,0.420,0.480,2.70,0.065,5,18,0.9972,3.21,0.87,11.30,6
10.9,0.390,0.470,1.80,0.118,6,14,0.9982,3.3,0.75,9.80,6
10.9,0.390,0.470,1.80,0.118,6,14,0.9982,3.3,0.75,9.80,6
11.9,0.570,0.500,2.60,0.082,6,32,1.0006,3.12,0.78,10.70,6
7.0,0.685,0.000,1.90,0.067,40,63,0.9979,3.6,0.81,9.90,5
6.6,0.815,0.020,2.70,0.072,17,34,0.9955,3.58,0.89,12.30,7
13.8,0.490,0.670,3.00,0.093,6,15,0.9986,3.02,0.93,12.00,6
9.6,0.560,0.310,2.80,0.089,15,46,0.9979,3.11,0.92,10.00,6
9.1,0.785,0.000,2.60,0.093,11,28,0.9994,3.36,0.86,9.40,6
10.7,0.670,0.220,2.70,0.107,17,34,1.0004,3.28,0.98,9.90,6
9.1,0.795,0.000,2.60,0.096,11,26,0.9994,3.35,0.83,9.40,6
7.7,0.665,0.000,2.40,0.090,8,19,0.9974,3.27,0.73,9.30,5
13.5,0.530,0.790,4.80,0.120,23,77,1.0018,3.18,0.77,13.00,5
6.1,0.210,0.400,1.40,0.066,40.5,165,0.9912,3.25,0.59,11.90,6
6.7,0.750,0.010,2.40,0.078,17,32,0.9955,3.55,0.61,12.80,6
11.5,0.410,0.520,3.00,0.080,29,55,1.0001,3.26,0.88,11.00,5
10.5,0.420,0.660,2.95,0.116,12,29,0.9970,3.24,0.75,11.70,7
11.9,0.430,0.660,3.10,0.109,10,23,1.0000,3.15,0.85,10.40,7
12.6,0.380,0.660,2.60,0.088,10,41,1.0010,3.17,0.68,9.80,6
8.2,0.700,0.230,2.00,0.099,14,81,0.9973,3.19,0.7,9.40,5
8.6,0.450,0.310,2.60,0.086,21,50,0.9982,3.37,0.91,9.90,6
11.9,0.580,0.660,2.50,0.072,6,37,0.9992,3.05,0.56,10.00,5
12.5,0.460,0.630,2.00,0.071,6,15,0.9988,2.99,0.87,10.20,5
12.8,0.615,0.660,5.80,0.083,7,42,1.0022,3.07,0.73,10.00,7
10.0,0.420,0.500,3.40,0.107,7,21,0.9979,3.26,0.93,11.80,6
12.8,0.615,0.660,5.80,0.083,7,42,1.0022,3.07,0.73,10.00,7
10.4,0.575,0.610,2.60,0.076,11,24,1.0000,3.16,0.69,9.00,5
10.3,0.340,0.520,2.80,0.159,15,75,0.9998,3.18,0.64,9.40,5
9.4,0.270,0.530,2.40,0.074,6,18,0.9962,3.2,1.13,12.00,7
6.9,0.765,0.020,2.30,0.063,35,63,0.9975,3.57,0.78,9.90,5
7.9,0.240,0.400,1.60,0.056,11,25,0.9967,3.32,0.87,8.70,6
9.1,0.280,0.480,1.80,0.067,26,46,0.9967,3.32,1.04,10.60,6
7.4,0.550,0.220,2.20,0.106,12,72,0.9959,3.05,0.63,9.20,5
14.0,0.410,0.630,3.80,0.089,6,47,1.0014,3.01,0.81,10.80,6
11.5,0.540,0.710,4.40,0.124,6,15,0.9984,3.01,0.83,11.80,7
11.5,0.450,0.500,3.00,0.078,19,47,1.0003,3.26,1.11,11.00,6
9.4,0.270,0.530,2.40,0.074,6,18,0.9962,3.2,1.13,12.00,7
11.4,0.625,0.660,6.20,0.088,6,24,0.9988,3.11,0.99,13.30,6
8.3,0.420,0.380,2.50,0.094,24,60,0.9979,3.31,0.7,10.80,6
8.3,0.260,0.420,2.00,0.080,11,27,0.9974,3.21,0.8,9.40,6
13.7,0.415,0.680,2.90,0.085,17,43,1.0014,3.06,0.8,10.00,6
8.3,0.260,0.420,2.00,0.080,11,27,0.9974,3.21,0.8,9.40,6
8.3,0.260,0.420,2.00,0.080,11,27,0.9974,3.21,0.8,9.40,6
7.7,0.510,0.280,2.10,0.087,23,54,0.9980,3.42,0.74,9.20,5
7.4,0.630,0.070,2.40,0.090,11,37,0.9979,3.43,0.76,9.70,6
7.8,0.540,0.260,2.00,0.088,23,48,0.9981,3.41,0.74,9.20,6
8.3,0.660,0.150,1.90,0.079,17,42,0.9972,3.31,0.54,9.60,6
7.8,0.460,0.260,1.90,0.088,23,53,0.9981,3.43,0.74,9.20,6
9.6,0.380,0.310,2.50,0.096,16,49,0.9982,3.19,0.7,10.00,7
5.6,0.850,0.050,1.40,0.045,12,88,0.9924,3.56,0.82,12.90,8
13.7,0.415,0.680,2.90,0.085,17,43,1.0014,3.06,0.8,10.00,6
9.5,0.370,0.520,2.00,0.082,6,26,0.9980,3.18,0.51,9.50,5
8.4,0.665,0.610,2.00,0.112,13,95,0.9970,3.16,0.54,9.10,5
12.7,0.600,0.650,2.30,0.063,6,25,0.9997,3.03,0.57,9.90,5
12.0,0.370,0.760,4.20,0.066,7,38,1.0004,3.22,0.6,13.00,7
6.6,0.735,0.020,7.90,0.122,68,124,0.9994,3.47,0.53,9.90,5
11.5,0.590,0.590,2.60,0.087,13,49,0.9988,3.18,0.65,11.00,6
11.5,0.590,0.590,2.60,0.087,13,49,0.9988,3.18,0.65,11.00,6
8.7,0.765,0.220,2.30,0.064,9,42,0.9963,3.1,0.55,9.40,5
6.6,0.735,0.020,7.90,0.122,68,124,0.9994,3.47,0.53,9.90,5
7.7,0.260,0.300,1.70,0.059,20,38,0.9949,3.29,0.47,10.80,6
12.2,0.480,0.540,2.60,0.085,19,64,1.0000,3.1,0.61,10.50,6
11.4,0.600,0.490,2.70,0.085,10,41,0.9994,3.15,0.63,10.50,6
7.7,0.690,0.050,2.70,0.075,15,27,0.9974,3.26,0.61,9.10,5
8.7,0.310,0.460,1.40,0.059,11,25,0.9966,3.36,0.76,10.10,6
9.8,0.440,0.470,2.50,0.063,9,28,0.9981,3.24,0.65,10.80,6
12.0,0.390,0.660,3.00,0.093,12,30,0.9996,3.18,0.63,10.80,7
10.4,0.340,0.580,3.70,0.174,6,16,0.9970,3.19,0.7,11.30,6
12.5,0.460,0.490,4.50,0.070,26,49,0.9981,3.05,0.57,9.60,4
9.0,0.430,0.340,2.50,0.080,26,86,0.9987,3.38,0.62,9.50,6
9.1,0.450,0.350,2.40,0.080,23,78,0.9987,3.38,0.62,9.50,5
7.1,0.735,0.160,1.90,0.100,15,77,0.9966,3.27,0.64,9.30,5
9.9,0.400,0.530,6.70,0.097,6,19,0.9986,3.27,0.82,11.70,7
8.8,0.520,0.340,2.70,0.087,24,122,0.9982,3.26,0.61,9.50,5
8.6,0.725,0.240,6.60,0.117,31,134,1.0014,3.32,1.07,9.30,5
10.6,0.480,0.640,2.20,0.111,6,20,0.9970,3.26,0.66,11.70,6
7.0,0.580,0.120,1.90,0.091,34,124,0.9956,3.44,0.48,10.50,5
11.9,0.380,0.510,2.00,0.121,7,20,0.9996,3.24,0.76,10.40,6
6.8,0.770,0.000,1.80,0.066,34,52,0.9976,3.62,0.68,9.90,5
9.5,0.560,0.330,2.40,0.089,35,67,0.9972,3.28,0.73,11.80,7
6.6,0.840,0.030,2.30,0.059,32,48,0.9952,3.52,0.56,12.30,7
7.7,0.960,0.200,2.00,0.047,15,60,0.9955,3.36,0.44,10.90,5
10.5,0.240,0.470,2.10,0.066,6,24,0.9978,3.15,0.9,11.00,7
7.7,0.960,0.200,2.00,0.047,15,60,0.9955,3.36,0.44,10.90,5
6.6,0.840,0.030,2.30,0.059,32,48,0.9952,3.52,0.56,12.30,7
6.4,0.670,0.080,2.10,0.045,19,48,0.9949,3.49,0.49,11.40,6
9.5,0.780,0.220,1.90,0.077,6,32,0.9988,3.26,0.56,10.60,6
9.1,0.520,0.330,1.30,0.070,9,30,0.9978,3.24,0.6,9.30,5
12.8,0.840,0.630,2.40,0.088,13,35,0.9997,3.1,0.6,10.40,6
10.5,0.240,0.470,2.10,0.066,6,24,0.9978,3.15,0.9,11.00,7
7.8,0.550,0.350,2.20,0.074,21,66,0.9974,3.25,0.56,9.20,5
11.9,0.370,0.690,2.30,0.078,12,24,0.9958,3,0.65,12.80,6
12.3,0.390,0.630,2.30,0.091,6,18,1.0004,3.16,0.49,9.50,5
10.4,0.410,0.550,3.20,0.076,22,54,0.9996,3.15,0.89,9.90,6
12.3,0.390,0.630,2.30,0.091,6,18,1.0004,3.16,0.49,9.50,5
8.0,0.670,0.300,2.00,0.060,38,62,0.9958,3.26,0.56,10.20,6
11.1,0.450,0.730,3.20,0.066,6,22,0.9986,3.17,0.66,11.20,6
10.4,0.410,0.550,3.20,0.076,22,54,0.9996,3.15,0.89,9.90,6
7.0,0.620,0.180,1.50,0.062,7,50,0.9951,3.08,0.6,9.30,5
12.6,0.310,0.720,2.20,0.072,6,29,0.9987,2.88,0.82,9.80,8
11.9,0.400,0.650,2.15,0.068,7,27,0.9988,3.06,0.68,11.30,6
15.6,0.685,0.760,3.70,0.100,6,43,1.0032,2.95,0.68,11.20,7
10.0,0.440,0.490,2.70,0.077,11,19,0.9963,3.23,0.63,11.60,7
5.3,0.570,0.010,1.70,0.054,5,27,0.9934,3.57,0.84,12.50,7
9.5,0.735,0.100,2.10,0.079,6,31,0.9986,3.23,0.56,10.10,6
12.5,0.380,0.600,2.60,0.081,31,72,0.9996,3.1,0.73,10.50,5
9.3,0.480,0.290,2.10,0.127,6,16,0.9968,3.22,0.72,11.20,5
8.6,0.530,0.220,2.00,0.100,7,27,0.9967,3.2,0.56,10.20,6
11.9,0.390,0.690,2.80,0.095,17,35,0.9994,3.1,0.61,10.80,6
11.9,0.390,0.690,2.80,0.095,17,35,0.9994,3.1,0.61,10.80,6
8.4,0.370,0.530,1.80,0.413,9,26,0.9979,3.06,1.06,9.10,6
6.8,0.560,0.030,1.70,0.084,18,35,0.9968,3.44,0.63,10.00,6
10.4,0.330,0.630,2.80,0.084,5,22,0.9998,3.26,0.74,11.20,7
7.0,0.230,0.400,1.60,0.063,21,67,0.9952,3.5,0.63,11.10,5
11.3,0.620,0.670,5.20,0.086,6,19,0.9988,3.22,0.69,13.40,8
8.9,0.590,0.390,2.30,0.095,5,22,0.9986,3.37,0.58,10.30,5
9.2,0.630,0.210,2.70,0.097,29,65,0.9988,3.28,0.58,9.60,5
10.4,0.330,0.630,2.80,0.084,5,22,0.9998,3.26,0.74,11.20,7
11.6,0.580,0.660,2.20,0.074,10,47,1.0008,3.25,0.57,9.00,3
9.2,0.430,0.520,2.30,0.083,14,23,0.9976,3.35,0.61,11.30,6
8.3,0.615,0.220,2.60,0.087,6,19,0.9982,3.26,0.61,9.30,5
11.0,0.260,0.680,2.55,0.085,10,25,0.9970,3.18,0.61,11.80,5
8.1,0.660,0.700,2.20,0.098,25,129,0.9972,3.08,0.53,9.00,5
11.5,0.315,0.540,2.10,0.084,5,15,0.9987,2.98,0.7,9.20,6
10.0,0.290,0.400,2.90,0.098,10,26,1.0006,3.48,0.91,9.70,5
10.3,0.500,0.420,2.00,0.069,21,51,0.9982,3.16,0.72,11.50,6
8.8,0.460,0.450,2.60,0.065,7,18,0.9947,3.32,0.79,14.00,6
11.4,0.360,0.690,2.10,0.090,6,21,1.0000,3.17,0.62,9.20,6
8.7,0.820,0.020,1.20,0.070,36,48,0.9952,3.2,0.58,9.80,5
13.0,0.320,0.650,2.60,0.093,15,47,0.9996,3.05,0.61,10.60,5
9.6,0.540,0.420,2.40,0.081,25,52,0.9970,3.2,0.71,11.40,6
12.5,0.370,0.550,2.60,0.083,25,68,0.9995,3.15,0.82,10.40,6
9.9,0.350,0.550,2.10,0.062,5,14,0.9971,3.26,0.79,10.60,5
10.5,0.280,0.510,1.70,0.080,10,24,0.9982,3.2,0.89,9.40,6
9.6,0.680,0.240,2.20,0.087,5,28,0.9988,3.14,0.6,10.20,5
9.3,0.270,0.410,2.00,0.091,6,16,0.9980,3.28,0.7,9.70,5
10.4,0.240,0.490,1.80,0.075,6,20,0.9977,3.18,1.06,11.00,6
9.6,0.680,0.240,2.20,0.087,5,28,0.9988,3.14,0.6,10.20,5
9.4,0.685,0.110,2.70,0.077,6,31,0.9984,3.19,0.7,10.10,6
10.6,0.280,0.390,15.50,0.069,6,23,1.0026,3.12,0.66,9.20,5
9.4,0.300,0.560,2.80,0.080,6,17,0.9964,3.15,0.92,11.70,8
10.6,0.360,0.590,2.20,0.152,6,18,0.9986,3.04,1.05,9.40,5
10.6,0.360,0.600,2.20,0.152,7,18,0.9986,3.04,1.06,9.40,5
10.6,0.440,0.680,4.10,0.114,6,24,0.9970,3.06,0.66,13.40,6
10.2,0.670,0.390,1.90,0.054,6,17,0.9976,3.17,0.47,10.00,5
10.2,0.670,0.390,1.90,0.054,6,17,0.9976,3.17,0.47,10.00,5
10.2,0.645,0.360,1.80,0.053,5,14,0.9982,3.17,0.42,10.00,6
11.6,0.320,0.550,2.80,0.081,35,67,1.0002,3.32,0.92,10.80,7
9.3,0.390,0.400,2.60,0.073,10,26,0.9984,3.34,0.75,10.20,6
9.3,0.775,0.270,2.80,0.078,24,56,0.9984,3.31,0.67,10.60,6
9.2,0.410,0.500,2.50,0.055,12,25,0.9952,3.34,0.79,13.30,7
8.9,0.400,0.510,2.60,0.052,13,27,0.9950,3.32,0.9,13.40,7
8.7,0.690,0.310,3.00,0.086,23,81,1.0002,3.48,0.74,11.60,6
6.5,0.390,0.230,8.30,0.051,28,91,0.9952,3.44,0.55,12.10,6
10.7,0.350,0.530,2.60,0.070,5,16,0.9972,3.15,0.65,11.00,8
7.8,0.520,0.250,1.90,0.081,14,38,0.9984,3.43,0.65,9.00,6
7.2,0.340,0.320,2.50,0.090,43,113,0.9966,3.32,0.79,11.10,5
10.7,0.350,0.530,2.60,0.070,5,16,0.9972,3.15,0.65,11.00,8
8.7,0.690,0.310,3.00,0.086,23,81,1.0002,3.48,0.74,11.60,6
7.8,0.520,0.250,1.90,0.081,14,38,0.9984,3.43,0.65,9.00,6
10.4,0.440,0.730,6.55,0.074,38,76,0.9990,3.17,0.85,12.00,7
10.4,0.440,0.730,6.55,0.074,38,76,0.9990,3.17,0.85,12.00,7
10.5,0.260,0.470,1.90,0.078,6,24,0.9976,3.18,1.04,10.90,7
10.5,0.240,0.420,1.80,0.077,6,22,0.9976,3.21,1.05,10.80,7
10.2,0.490,0.630,2.90,0.072,10,26,0.9968,3.16,0.78,12.50,7
10.4,0.240,0.460,1.80,0.075,6,21,0.9976,3.25,1.02,10.80,7
11.2,0.670,0.550,2.30,0.084,6,13,1.0000,3.17,0.71,9.50,6
10.0,0.590,0.310,2.20,0.090,26,62,0.9994,3.18,0.63,10.20,6
13.3,0.290,0.750,2.80,0.084,23,43,0.9986,3.04,0.68,11.40,7
12.4,0.420,0.490,4.60,0.073,19,43,0.9978,3.02,0.61,9.50,5
10.0,0.590,0.310,2.20,0.090,26,62,0.9994,3.18,0.63,10.20,6
10.7,0.400,0.480,2.10,0.125,15,49,0.9980,3.03,0.81,9.70,6
10.5,0.510,0.640,2.40,0.107,6,15,0.9973,3.09,0.66,11.80,7
10.5,0.510,0.640,2.40,0.107,6,15,0.9973,3.09,0.66,11.80,7
8.5,0.655,0.490,6.10,0.122,34,151,1.0010,3.31,1.14,9.30,5
12.5,0.600,0.490,4.30,0.100,5,14,1.0010,3.25,0.74,11.90,6
10.4,0.610,0.490,2.10,0.200,5,16,0.9994,3.16,0.63,8.40,3
10.9,0.210,0.490,2.80,0.088,11,32,0.9972,3.22,0.68,11.70,6
7.3,0.365,0.490,2.50,0.088,39,106,0.9966,3.36,0.78,11.00,5
9.8,0.250,0.490,2.70,0.088,15,33,0.9982,3.42,0.9,10.00,6
7.6,0.410,0.490,2.00,0.088,16,43,0.9980,3.48,0.64,9.10,5
8.2,0.390,0.490,2.30,0.099,47,133,0.9979,3.38,0.99,9.80,5
9.3,0.400,0.490,2.50,0.085,38,142,0.9978,3.22,0.55,9.40,5
9.2,0.430,0.490,2.40,0.086,23,116,0.9976,3.23,0.64,9.50,5
10.4,0.640,0.240,2.80,0.105,29,53,0.9998,3.24,0.67,9.90,5
7.3,0.365,0.490,2.50,0.088,39,106,0.9966,3.36,0.78,11.00,5
7.0,0.380,0.490,2.50,0.097,33,85,0.9962,3.39,0.77,11.40,6
8.2,0.420,0.490,2.60,0.084,32,55,0.9988,3.34,0.75,8.70,6
9.9,0.630,0.240,2.40,0.077,6,33,0.9974,3.09,0.57,9.40,5
9.1,0.220,0.240,2.10,0.078,1,28,0.9990,3.41,0.87,10.30,6
11.9,0.380,0.490,2.70,0.098,12,42,1.0004,3.16,0.61,10.30,5
11.9,0.380,0.490,2.70,0.098,12,42,1.0004,3.16,0.61,10.30,5
10.3,0.270,0.240,2.10,0.072,15,33,0.9956,3.22,0.66,12.80,6
10.0,0.480,0.240,2.70,0.102,13,32,1.0000,3.28,0.56,10.00,6
9.1,0.220,0.240,2.10,0.078,1,28,0.9990,3.41,0.87,10.30,6
9.9,0.630,0.240,2.40,0.077,6,33,0.9974,3.09,0.57,9.40,5
8.1,0.825,0.240,2.10,0.084,5,13,0.9972,3.37,0.77,10.70,6
12.9,0.350,0.490,5.80,0.066,5,35,1.0014,3.2,0.66,12.00,7
11.2,0.500,0.740,5.15,0.100,5,17,0.9996,3.22,0.62,11.20,5
9.2,0.590,0.240,3.30,0.101,20,47,0.9988,3.26,0.67,9.60,5
9.5,0.460,0.490,6.30,0.064,5,17,0.9988,3.21,0.73,11.00,6
9.3,0.715,0.240,2.10,0.070,5,20,0.9966,3.12,0.59,9.90,5
11.2,0.660,0.240,2.50,0.085,16,53,0.9993,3.06,0.72,11.00,6
14.3,0.310,0.740,1.80,0.075,6,15,1.0008,2.86,0.79,8.40,6
9.1,0.470,0.490,2.60,0.094,38,106,0.9982,3.08,0.59,9.10,5
7.5,0.550,0.240,2.00,0.078,10,28,0.9983,3.45,0.78,9.50,6
10.6,0.310,0.490,2.50,0.067,6,21,0.9987,3.26,0.86,10.70,6
12.4,0.350,0.490,2.60,0.079,27,69,0.9994,3.12,0.75,10.40,6
9.0,0.530,0.490,1.90,0.171,6,25,0.9975,3.27,0.61,9.40,6
6.8,0.510,0.010,2.10,0.074,9,25,0.9958,3.33,0.56,9.50,6
9.4,0.430,0.240,2.80,0.092,14,45,0.9980,3.19,0.73,10.00,6
9.5,0.460,0.240,2.70,0.092,14,44,0.9980,3.12,0.74,10.00,6
5.0,1.040,0.240,1.60,0.050,32,96,0.9934,3.74,0.62,11.50,5
15.5,0.645,0.490,4.20,0.095,10,23,1.0032,2.92,0.74,11.10,5
15.5,0.645,0.490,4.20,0.095,10,23,1.0032,2.92,0.74,11.10,5
10.9,0.530,0.490,4.60,0.118,10,17,1.0002,3.07,0.56,11.70,6
15.6,0.645,0.490,4.20,0.095,10,23,1.0032,2.92,0.74,11.10,5
10.9,0.530,0.490,4.60,0.118,10,17,1.0002,3.07,0.56,11.70,6
13.0,0.470,0.490,4.30,0.085,6,47,1.0021,3.3,0.68,12.70,6
12.7,0.600,0.490,2.80,0.075,5,19,0.9994,3.14,0.57,11.40,5
9.0,0.440,0.490,2.40,0.078,26,121,0.9978,3.23,0.58,9.20,5
9.0,0.540,0.490,2.90,0.094,41,110,0.9982,3.08,0.61,9.20,5
7.6,0.290,0.490,2.70,0.092,25,60,0.9971,3.31,0.61,10.10,6
13.0,0.470,0.490,4.30,0.085,6,47,1.0021,3.3,0.68,12.70,6
12.7,0.600,0.490,2.80,0.075,5,19,0.9994,3.14,0.57,11.40,5
8.7,0.700,0.240,2.50,0.226,5,15,0.9991,3.32,0.6,9.00,6
8.7,0.700,0.240,2.50,0.226,5,15,0.9991,3.32,0.6,9.00,6
9.8,0.500,0.490,2.60,0.250,5,20,0.9990,3.31,0.79,10.70,6
6.2,0.360,0.240,2.20,0.095,19,42,0.9946,3.57,0.57,11.70,6
11.5,0.350,0.490,3.30,0.070,10,37,1.0003,3.32,0.91,11.00,6
6.2,0.360,0.240,2.20,0.095,19,42,0.9946,3.57,0.57,11.70,6
10.2,0.240,0.490,2.40,0.075,10,28,0.9978,3.14,0.61,10.40,5
10.5,0.590,0.490,2.10,0.070,14,47,0.9991,3.3,0.56,9.60,4
10.6,0.340,0.490,3.20,0.078,20,78,0.9992,3.19,0.7,10.00,6
12.3,0.270,0.490,3.10,0.079,28,46,0.9993,3.2,0.8,10.20,6
9.9,0.500,0.240,2.30,0.103,6,14,0.9978,3.34,0.52,10.00,4
8.8,0.440,0.490,2.80,0.083,18,111,0.9982,3.3,0.6,9.50,5
8.8,0.470,0.490,2.90,0.085,17,110,0.9982,3.29,0.6,9.80,5
10.6,0.310,0.490,2.20,0.063,18,40,0.9976,3.14,0.51,9.80,6
12.3,0.500,0.490,2.20,0.089,5,14,1.0002,3.19,0.44,9.60,5
12.3,0.500,0.490,2.20,0.089,5,14,1.0002,3.19,0.44,9.60,5
11.7,0.490,0.490,2.20,0.083,5,15,1.0000,3.19,0.43,9.20,5
12.0,0.280,0.490,1.90,0.074,10,21,0.9976,2.98,0.66,9.90,7
11.8,0.330,0.490,3.40,0.093,54,80,1.0002,3.3,0.76,10.70,7
7.6,0.510,0.240,2.40,0.091,8,38,0.9980,3.47,0.66,9.60,6
11.1,0.310,0.490,2.70,0.094,16,47,0.9986,3.12,1.02,10.60,7
7.3,0.730,0.240,1.90,0.108,18,102,0.9967,3.26,0.59,9.30,5
5.0,0.420,0.240,2.00,0.060,19,50,0.9917,3.72,0.74,14.00,8
10.2,0.290,0.490,2.60,0.059,5,13,0.9976,3.05,0.74,10.50,7
9.0,0.450,0.490,2.60,0.084,21,75,0.9987,3.35,0.57,9.70,5
6.6,0.390,0.490,1.70,0.070,23,149,0.9922,3.12,0.5,11.50,6
9.0,0.450,0.490,2.60,0.084,21,75,0.9987,3.35,0.57,9.70,5
9.9,0.490,0.580,3.50,0.094,9,43,1.0004,3.29,0.58,9.00,5
7.9,0.720,0.170,2.60,0.096,20,38,0.9978,3.4,0.53,9.50,5
8.9,0.595,0.410,7.90,0.086,30,109,0.9998,3.27,0.57,9.30,5
12.4,0.400,0.510,2.00,0.059,6,24,0.9994,3.04,0.6,9.30,6
11.9,0.580,0.580,1.90,0.071,5,18,0.9980,3.09,0.63,10.00,6
8.5,0.585,0.180,2.10,0.078,5,30,0.9967,3.2,0.48,9.80,6
12.7,0.590,0.450,2.30,0.082,11,22,1.0000,3,0.7,9.30,6
8.2,0.915,0.270,2.10,0.088,7,23,0.9962,3.26,0.47,10.00,4
13.2,0.460,0.520,2.20,0.071,12,35,1.0006,3.1,0.56,9.00,6
7.7,0.835,0.000,2.60,0.081,6,14,0.9975,3.3,0.52,9.30,5
13.2,0.460,0.520,2.20,0.071,12,35,1.0006,3.1,0.56,9.00,6
8.3,0.580,0.130,2.90,0.096,14,63,0.9984,3.17,0.62,9.10,6
8.3,0.600,0.130,2.60,0.085,6,24,0.9984,3.31,0.59,9.20,6
9.4,0.410,0.480,4.60,0.072,10,20,0.9973,3.34,0.79,12.20,7
8.8,0.480,0.410,3.30,0.092,26,52,0.9982,3.31,0.53,10.50,6
10.1,0.650,0.370,5.10,0.110,11,65,1.0026,3.32,0.64,10.40,6
6.3,0.360,0.190,3.20,0.075,15,39,0.9956,3.56,0.52,12.70,6
8.8,0.240,0.540,2.50,0.083,25,57,0.9983,3.39,0.54,9.20,5
13.2,0.380,0.550,2.70,0.081,5,16,1.0006,2.98,0.54,9.40,5
7.5,0.640,0.000,2.40,0.077,18,29,0.9965,3.32,0.6,10.00,6
8.2,0.390,0.380,1.50,0.058,10,29,0.9962,3.26,0.74,9.80,5
9.2,0.755,0.180,2.20,0.148,10,103,0.9969,2.87,1.36,10.20,6
9.6,0.600,0.500,2.30,0.079,28,71,0.9997,3.5,0.57,9.70,5
9.6,0.600,0.500,2.30,0.079,28,71,0.9997,3.5,0.57,9.70,5
11.5,0.310,0.510,2.20,0.079,14,28,0.9982,3.03,0.93,9.80,6
11.4,0.460,0.500,2.70,0.122,4,17,1.0006,3.13,0.7,10.20,5
11.3,0.370,0.410,2.30,0.088,6,16,0.9988,3.09,0.8,9.30,5
8.3,0.540,0.240,3.40,0.076,16,112,0.9976,3.27,0.61,9.40,5
8.2,0.560,0.230,3.40,0.078,14,104,0.9976,3.28,0.62,9.40,5
10.0,0.580,0.220,1.90,0.080,9,32,0.9974,3.13,0.55,9.50,5
7.9,0.510,0.250,2.90,0.077,21,45,0.9974,3.49,0.96,12.10,6
6.8,0.690,0.000,5.60,0.124,21,58,0.9997,3.46,0.72,10.20,5
6.8,0.690,0.000,5.60,0.124,21,58,0.9997,3.46,0.72,10.20,5
8.8,0.600,0.290,2.20,0.098,5,15,0.9988,3.36,0.49,9.10,5
8.8,0.600,0.290,2.20,0.098,5,15,0.9988,3.36,0.49,9.10,5
8.7,0.540,0.260,2.50,0.097,7,31,0.9976,3.27,0.6,9.30,6
7.6,0.685,0.230,2.30,0.111,20,84,0.9964,3.21,0.61,9.30,5
8.7,0.540,0.260,2.50,0.097,7,31,0.9976,3.27,0.6,9.30,6
10.4,0.280,0.540,2.70,0.105,5,19,0.9988,3.25,0.63,9.50,5
7.6,0.410,0.140,3.00,0.087,21,43,0.9964,3.32,0.57,10.50,6
10.1,0.935,0.220,3.40,0.105,11,86,1.0010,3.43,0.64,11.30,4
7.9,0.350,0.210,1.90,0.073,46,102,0.9964,3.27,0.58,9.50,5
8.7,0.840,0.000,1.40,0.065,24,33,0.9954,3.27,0.55,9.70,5
9.6,0.880,0.280,2.40,0.086,30,147,0.9979,3.24,0.53,9.40,5
9.5,0.885,0.270,2.30,0.084,31,145,0.9978,3.24,0.53,9.40,5
7.7,0.915,0.120,2.20,0.143,7,23,0.9964,3.35,0.65,10.20,7
8.9,0.290,0.350,1.90,0.067,25,57,0.9970,3.18,1.36,10.30,6
9.9,0.540,0.450,2.30,0.071,16,40,0.9991,3.39,0.62,9.40,5
9.5,0.590,0.440,2.30,0.071,21,68,0.9992,3.46,0.63,9.50,5
9.9,0.540,0.450,2.30,0.071,16,40,0.9991,3.39,0.62,9.40,5
9.5,0.590,0.440,2.30,0.071,21,68,0.9992,3.46,0.63,9.50,5
9.9,0.540,0.450,2.30,0.071,16,40,0.9991,3.39,0.62,9.40,5
7.8,0.640,0.100,6.00,0.115,5,11,0.9984,3.37,0.69,10.10,7
7.3,0.670,0.050,3.60,0.107,6,20,0.9972,3.4,0.63,10.10,5
8.3,0.845,0.010,2.20,0.070,5,14,0.9967,3.32,0.58,11.00,4
8.7,0.480,0.300,2.80,0.066,10,28,0.9964,3.33,0.67,11.20,7
6.7,0.420,0.270,8.60,0.068,24,148,0.9948,3.16,0.57,11.30,6
10.7,0.430,0.390,2.20,0.106,8,32,0.9986,2.89,0.5,9.60,5
9.8,0.880,0.250,2.50,0.104,35,155,1.0010,3.41,0.67,11.20,5
15.9,0.360,0.650,7.50,0.096,22,71,0.9976,2.98,0.84,14.90,5
9.4,0.330,0.590,2.80,0.079,9,30,0.9976,3.12,0.54,12.00,6
8.6,0.470,0.470,2.40,0.074,7,29,0.9979,3.08,0.46,9.50,5
9.7,0.550,0.170,2.90,0.087,20,53,1.0004,3.14,0.61,9.40,5
10.7,0.430,0.390,2.20,0.106,8,32,0.9986,2.89,0.5,9.60,5
12.0,0.500,0.590,1.40,0.073,23,42,0.9980,2.92,0.68,10.50,7
7.2,0.520,0.070,1.40,0.074,5,20,0.9973,3.32,0.81,9.60,6
7.1,0.840,0.020,4.40,0.096,5,13,0.9970,3.41,0.57,11.00,4
7.2,0.520,0.070,1.40,0.074,5,20,0.9973,3.32,0.81,9.60,6
7.5,0.420,0.310,1.60,0.080,15,42,0.9978,3.31,0.64,9.00,5
7.2,0.570,0.060,1.60,0.076,9,27,0.9972,3.36,0.7,9.60,6
10.1,0.280,0.460,1.80,0.050,5,13,0.9974,3.04,0.79,10.20,6
12.1,0.400,0.520,2.00,0.092,15,54,1.0000,3.03,0.66,10.20,5
9.4,0.590,0.140,2.00,0.084,25,48,0.9981,3.14,0.56,9.70,5
8.3,0.490,0.360,1.80,0.222,6,16,0.9980,3.18,0.6,9.50,6
11.3,0.340,0.450,2.00,0.082,6,15,0.9988,2.94,0.66,9.20,6
10.0,0.730,0.430,2.30,0.059,15,31,0.9966,3.15,0.57,11.00,5
11.3,0.340,0.450,2.00,0.082,6,15,0.9988,2.94,0.66,9.20,6
6.9,0.400,0.240,2.50,0.083,30,45,0.9959,3.26,0.58,10.00,5
8.2,0.730,0.210,1.70,0.074,5,13,0.9968,3.2,0.52,9.50,5
9.8,1.240,0.340,2.00,0.079,32,151,0.9980,3.15,0.53,9.50,5
8.2,0.730,0.210,1.70,0.074,5,13,0.9968,3.2,0.52,9.50,5
10.8,0.400,0.410,2.20,0.084,7,17,0.9984,3.08,0.67,9.30,6
9.3,0.410,0.390,2.20,0.064,12,31,0.9984,3.26,0.65,10.20,5
10.8,0.400,0.410,2.20,0.084,7,17,0.9984,3.08,0.67,9.30,6
8.6,0.800,0.110,2.30,0.084,12,31,0.9979,3.4,0.48,9.90,5
8.3,0.780,0.100,2.60,0.081,45,87,0.9983,3.48,0.53,10.00,5
10.8,0.260,0.450,3.30,0.060,20,49,0.9972,3.13,0.54,9.60,5
13.3,0.430,0.580,1.90,0.070,15,40,1.0004,3.06,0.49,9.00,5
8.0,0.450,0.230,2.20,0.094,16,29,0.9962,3.21,0.49,10.20,6
8.5,0.460,0.310,2.25,0.078,32,58,0.9980,3.33,0.54,9.80,5
8.1,0.780,0.230,2.60,0.059,5,15,0.9970,3.37,0.56,11.30,5
9.8,0.980,0.320,2.30,0.078,35,152,0.9980,3.25,0.48,9.40,5
8.1,0.780,0.230,2.60,0.059,5,15,0.9970,3.37,0.56,11.30,5
7.1,0.650,0.180,1.80,0.070,13,40,0.9970,3.44,0.6,9.10,5
9.1,0.640,0.230,3.10,0.095,13,38,0.9998,3.28,0.59,9.70,5
7.7,0.660,0.040,1.60,0.039,4,9,0.9962,3.4,0.47,9.40,5
8.1,0.380,0.480,1.80,0.157,5,17,0.9976,3.3,1.05,9.40,5
7.4,1.185,0.000,4.25,0.097,5,14,0.9966,3.63,0.54,10.70,3
9.2,0.920,0.240,2.60,0.087,12,93,0.9998,3.48,0.54,9.80,5
8.6,0.490,0.510,2.00,0.422,16,62,0.9979,3.03,1.17,9.00,5
9.0,0.480,0.320,2.80,0.084,21,122,0.9984,3.32,0.62,9.40,5
9.0,0.470,0.310,2.70,0.084,24,125,0.9984,3.31,0.61,9.40,5
5.1,0.470,0.020,1.30,0.034,18,44,0.9921,3.9,0.62,12.80,6
7.0,0.650,0.020,2.10,0.066,8,25,0.9972,3.47,0.67,9.50,6
7.0,0.650,0.020,2.10,0.066,8,25,0.9972,3.47,0.67,9.50,6
9.4,0.615,0.280,3.20,0.087,18,72,1.0001,3.31,0.53,9.70,5
11.8,0.380,0.550,2.10,0.071,5,19,0.9986,3.11,0.62,10.80,6
10.6,1.020,0.430,2.90,0.076,26,88,0.9984,3.08,0.57,10.10,6
7.0,0.650,0.020,2.10,0.066,8,25,0.9972,3.47,0.67,9.50,6
7.0,0.640,0.020,2.10,0.067,9,23,0.9970,3.47,0.67,9.40,6
7.5,0.380,0.480,2.60,0.073,22,84,0.9972,3.32,0.7,9.60,4
9.1,0.765,0.040,1.60,0.078,4,14,0.9980,3.29,0.54,9.70,4
8.4,1.035,0.150,6.00,0.073,11,54,0.9990,3.37,0.49,9.90,5
7.0,0.780,0.080,2.00,0.093,10,19,0.9956,3.4,0.47,10.00,5
7.4,0.490,0.190,3.00,0.077,16,37,0.9966,3.37,0.51,10.50,5
7.8,0.545,0.120,2.50,0.068,11,35,0.9960,3.34,0.61,11.60,6
9.7,0.310,0.470,1.60,0.062,13,33,0.9983,3.27,0.66,10.00,6
10.6,1.025,0.430,2.80,0.080,21,84,0.9985,3.06,0.57,10.10,5
8.9,0.565,0.340,3.00,0.093,16,112,0.9998,3.38,0.61,9.50,5
8.7,0.690,0.000,3.20,0.084,13,33,0.9992,3.36,0.45,9.40,5
8.0,0.430,0.360,2.30,0.075,10,48,0.9976,3.34,0.46,9.40,5
9.9,0.740,0.280,2.60,0.078,21,77,0.9980,3.28,0.51,9.80,5
7.2,0.490,0.180,2.70,0.069,13,34,0.9967,3.29,0.48,9.20,6
8.0,0.430,0.360,2.30,0.075,10,48,0.9976,3.34,0.46,9.40,5
7.6,0.460,0.110,2.60,0.079,12,49,0.9968,3.21,0.57,10.00,5
8.4,0.560,0.040,2.00,0.082,10,22,0.9976,3.22,0.44,9.60,5
7.1,0.660,0.000,3.90,0.086,17,45,0.9976,3.46,0.54,9.50,5
8.4,0.560,0.040,2.00,0.082,10,22,0.9976,3.22,0.44,9.60,5
8.9,0.480,0.240,2.85,0.094,35,106,0.9982,3.1,0.53,9.20,5
7.6,0.420,0.080,2.70,0.084,15,48,0.9968,3.21,0.59,10.00,5
7.1,0.310,0.300,2.20,0.053,36,127,0.9965,2.94,1.62,9.50,5
7.5,1.115,0.100,3.10,0.086,5,12,0.9958,3.54,0.6,11.20,4
9.0,0.660,0.170,3.00,0.077,5,13,0.9976,3.29,0.55,10.40,5
8.1,0.720,0.090,2.80,0.084,18,49,0.9994,3.43,0.72,11.10,6
6.4,0.570,0.020,1.80,0.067,4,11,0.9970,3.46,0.68,9.50,5
6.4,0.570,0.020,1.80,0.067,4,11,0.9970,3.46,0.68,9.50,5
6.4,0.865,0.030,3.20,0.071,27,58,0.9950,3.61,0.49,12.70,6
9.5,0.550,0.660,2.30,0.387,12,37,0.9982,3.17,0.67,9.60,5
8.9,0.875,0.130,3.45,0.088,4,14,0.9994,3.44,0.52,11.50,5
7.3,0.835,0.030,2.10,0.092,10,19,0.9966,3.39,0.47,9.60,5
7.0,0.450,0.340,2.70,0.082,16,72,0.9980,3.55,0.6,9.50,5
7.7,0.560,0.200,2.00,0.075,9,39,0.9987,3.48,0.62,9.30,5
7.7,0.965,0.100,2.10,0.112,11,22,0.9963,3.26,0.5,9.50,5
7.7,0.965,0.100,2.10,0.112,11,22,0.9963,3.26,0.5,9.50,5
8.2,0.590,0.000,2.50,0.093,19,58,1.0002,3.5,0.65,9.30,6
9.0,0.460,0.230,2.80,0.092,28,104,0.9983,3.1,0.56,9.20,5
9.0,0.690,0.000,2.40,0.088,19,38,0.9990,3.35,0.6,9.30,5
8.3,0.760,0.290,4.20,0.075,12,16,0.9965,3.45,0.68,11.50,6
9.2,0.530,0.240,2.60,0.078,28,139,0.9979,3.21,0.57,9.50,5
6.5,0.615,0.000,1.90,0.065,9,18,0.9972,3.46,0.65,9.20,5
11.6,0.410,0.580,2.80,0.096,25,101,1.0002,3.13,0.53,10.00,5
11.1,0.390,0.540,2.70,0.095,21,101,1.0001,3.13,0.51,9.50,5
7.3,0.510,0.180,2.10,0.070,12,28,0.9977,3.52,0.73,9.50,6
8.2,0.340,0.380,2.50,0.080,12,57,0.9978,3.3,0.47,9.00,6
8.6,0.330,0.400,2.60,0.083,16,68,0.9978,3.3,0.48,9.40,5
7.2,0.500,0.180,2.10,0.071,12,31,0.9976,3.52,0.72,9.60,6
7.3,0.510,0.180,2.10,0.070,12,28,0.9977,3.52,0.73,9.50,6
8.3,0.650,0.100,2.90,0.089,17,40,0.9980,3.29,0.55,9.50,5
8.3,0.650,0.100,2.90,0.089,17,40,0.9980,3.29,0.55,9.50,5
7.6,0.540,0.130,2.50,0.097,24,66,0.9979,3.39,0.61,9.40,5
8.3,0.650,0.100,2.90,0.089,17,40,0.9980,3.29,0.55,9.50,5
7.8,0.480,0.680,1.70,0.415,14,32,0.9966,3.09,1.06,9.10,6
7.8,0.910,0.070,1.90,0.058,22,47,0.9953,3.51,0.43,10.70,6
6.3,0.980,0.010,2.00,0.057,15,33,0.9949,3.6,0.46,11.20,6
8.1,0.870,0.000,2.20,0.084,10,31,0.9966,3.25,0.5,9.80,5
8.1,0.870,0.000,2.20,0.084,10,31,0.9966,3.25,0.5,9.80,5
8.8,0.420,0.210,2.50,0.092,33,88,0.9982,3.19,0.52,9.20,5
9.0,0.580,0.250,2.80,0.075,9,104,0.9978,3.23,0.57,9.70,5
9.3,0.655,0.260,2.00,0.096,5,35,0.9974,3.25,0.42,9.60,5
8.8,0.700,0.000,1.70,0.069,8,19,0.9970,3.31,0.53,10.00,6
9.3,0.655,0.260,2.00,0.096,5,35,0.9974,3.25,0.42,9.60,5
9.1,0.680,0.110,2.80,0.093,11,44,0.9989,3.31,0.55,9.50,6
9.2,0.670,0.100,3.00,0.091,12,48,0.9989,3.31,0.54,9.50,6
8.8,0.590,0.180,2.90,0.089,12,74,0.9974,3.14,0.54,9.40,5
7.5,0.600,0.320,2.70,0.103,13,98,0.9994,3.45,0.62,9.50,5
7.1,0.590,0.020,2.30,0.082,24,94,0.9974,3.55,0.53,9.70,6
7.9,0.720,0.010,1.90,0.076,7,32,0.9967,3.39,0.54,9.60,5
7.1,0.590,0.020,2.30,0.082,24,94,0.9974,3.55,0.53,9.70,6
9.4,0.685,0.260,2.40,0.082,23,143,0.9978,3.28,0.55,9.40,5
9.5,0.570,0.270,2.30,0.082,23,144,0.9978,3.27,0.55,9.40,5
7.9,0.400,0.290,1.80,0.157,1,44,0.9973,3.3,0.92,9.50,6
7.9,0.400,0.300,1.80,0.157,2,45,0.9973,3.31,0.91,9.50,6
7.2,1.000,0.000,3.00,0.102,7,16,0.9959,3.43,0.46,10.00,5
6.9,0.765,0.180,2.40,0.243,5.5,48,0.9961,3.4,0.6,10.30,6
6.9,0.635,0.170,2.40,0.241,6,18,0.9961,3.4,0.59,10.30,6
8.3,0.430,0.300,3.40,0.079,7,34,0.9979,3.36,0.61,10.50,5
7.1,0.520,0.030,2.60,0.076,21,92,0.9975,3.5,0.6,9.80,5
7.0,0.570,0.000,2.00,0.190,12,45,0.9968,3.31,0.6,9.40,6
6.5,0.460,0.140,2.40,0.114,9,37,0.9973,3.66,0.65,9.80,5
9.0,0.820,0.050,2.40,0.081,26,96,0.9981,3.36,0.53,10.00,5
6.5,0.460,0.140,2.40,0.114,9,37,0.9973,3.66,0.65,9.80,5
7.1,0.590,0.010,2.50,0.077,20,85,0.9975,3.55,0.59,9.80,5
9.9,0.350,0.410,2.30,0.083,11,61,0.9982,3.21,0.5,9.50,5
9.9,0.350,0.410,2.30,0.083,11,61,0.9982,3.21,0.5,9.50,5
10.0,0.560,0.240,2.20,0.079,19,58,0.9991,3.18,0.56,10.10,6
10.0,0.560,0.240,2.20,0.079,19,58,0.9991,3.18,0.56,10.10,6
8.6,0.630,0.170,2.90,0.099,21,119,0.9980,3.09,0.52,9.30,5
7.4,0.370,0.430,2.60,0.082,18,82,0.9971,3.33,0.68,9.70,6
8.8,0.640,0.170,2.90,0.084,25,130,0.9982,3.23,0.54,9.60,5
7.1,0.610,0.020,2.50,0.081,17,87,0.9975,3.48,0.6,9.70,6
7.7,0.600,0.000,2.60,0.055,7,13,0.9964,3.38,0.56,10.80,5
10.1,0.270,0.540,2.30,0.065,7,26,0.9953,3.17,0.53,12.50,6
10.8,0.890,0.300,2.60,0.132,7,60,0.9979,2.99,1.18,10.20,5
8.7,0.460,0.310,2.50,0.126,24,64,0.9975,3.1,0.74,9.60,5
9.3,0.370,0.440,1.60,0.038,21,42,0.9953,3.24,0.81,10.80,7
9.4,0.500,0.340,3.60,0.082,5,14,0.9987,3.29,0.52,10.70,6
9.4,0.500,0.340,3.60,0.082,5,14,0.9987,3.29,0.52,10.70,6
7.2,0.610,0.080,4.00,0.082,26,108,0.9964,3.25,0.51,9.40,5
8.6,0.550,0.090,3.30,0.068,8,17,0.9974,3.23,0.44,10.00,5
5.1,0.585,0.000,1.70,0.044,14,86,0.9926,3.56,0.94,12.90,7
7.7,0.560,0.080,2.50,0.114,14,46,0.9971,3.24,0.66,9.60,6
8.4,0.520,0.220,2.70,0.084,4,18,0.9968,3.26,0.57,9.90,6
8.2,0.280,0.400,2.40,0.052,4,10,0.9936,3.33,0.7,12.80,7
8.4,0.250,0.390,2.00,0.041,4,10,0.9939,3.27,0.71,12.50,7
8.2,0.280,0.400,2.40,0.052,4,10,0.9936,3.33,0.7,12.80,7
7.4,0.530,0.120,1.90,0.165,4,12,0.9970,3.26,0.86,9.20,5
7.6,0.480,0.310,2.80,0.070,4,15,0.9969,3.22,0.55,10.30,6
7.3,0.490,0.100,2.60,0.068,4,14,0.9956,3.3,0.47,10.50,5
12.9,0.500,0.550,2.80,0.072,7,24,1.0001,3.09,0.68,10.90,6
10.8,0.450,0.330,2.50,0.099,20,38,0.9982,3.24,0.71,10.80,5
6.9,0.390,0.240,2.10,0.102,4,7,0.9946,3.44,0.58,11.40,4
12.6,0.410,0.540,2.80,0.103,19,41,0.9994,3.21,0.76,11.30,6
10.8,0.450,0.330,2.50,0.099,20,38,0.9982,3.24,0.71,10.80,5
9.8,0.510,0.190,3.20,0.081,8,30,0.9984,3.23,0.58,10.50,6
10.8,0.290,0.420,1.60,0.084,19,27,0.9955,3.28,0.73,11.90,6
7.1,0.715,0.000,2.35,0.071,21,47,0.9963,3.29,0.45,9.40,5
9.1,0.660,0.150,3.20,0.097,9,59,0.9998,3.28,0.54,9.60,5
7.0,0.685,0.000,1.90,0.099,9,22,0.9961,3.34,0.6,9.70,5
4.9,0.420,0.000,2.10,0.048,16,42,0.9915,3.71,0.74,14.00,7
6.7,0.540,0.130,2.00,0.076,15,36,0.9973,3.61,0.64,9.80,5
6.7,0.540,0.130,2.00,0.076,15,36,0.9973,3.61,0.64,9.80,5
7.1,0.480,0.280,2.80,0.068,6,16,0.9968,3.24,0.53,10.30,5
7.1,0.460,0.140,2.80,0.076,15,37,0.9962,3.36,0.49,10.70,5
7.5,0.270,0.340,2.30,0.050,4,8,0.9951,3.4,0.64,11.00,7
7.1,0.460,0.140,2.80,0.076,15,37,0.9962,3.36,0.49,10.70,5
7.8,0.570,0.090,2.30,0.065,34,45,0.9942,3.46,0.74,12.70,8
5.9,0.610,0.080,2.10,0.071,16,24,0.9938,3.56,0.77,11.10,6
7.5,0.685,0.070,2.50,0.058,5,9,0.9963,3.38,0.55,10.90,4
5.9,0.610,0.080,2.10,0.071,16,24,0.9938,3.56,0.77,11.10,6
10.4,0.440,0.420,1.50,0.145,34,48,0.9983,3.38,0.86,9.90,3
11.6,0.470,0.440,1.60,0.147,36,51,0.9984,3.38,0.86,9.90,4
8.8,0.685,0.260,1.60,0.088,16,23,0.9969,3.32,0.47,9.40,5
7.6,0.665,0.100,1.50,0.066,27,55,0.9966,3.39,0.51,9.30,5
6.7,0.280,0.280,2.40,0.012,36,100,0.9906,3.26,0.39,11.70,7
6.7,0.280,0.280,2.40,0.012,36,100,0.9906,3.26,0.39,11.70,7
10.1,0.310,0.350,1.60,0.075,9,28,0.9967,3.24,0.83,11.20,7
6.0,0.500,0.040,2.20,0.092,13,26,0.9965,3.46,0.47,10.00,5
11.1,0.420,0.470,2.65,0.085,9,34,0.9974,3.24,0.77,12.10,7
6.6,0.660,0.000,3.00,0.115,21,31,0.9963,3.45,0.63,10.30,5
10.6,0.500,0.450,2.60,0.119,34,68,0.9971,3.23,0.72,10.90,6
7.1,0.685,0.350,2.00,0.088,9,92,0.9963,3.28,0.62,9.40,5
9.9,0.250,0.460,1.70,0.062,26,42,0.9959,3.18,0.83,10.60,6
6.4,0.640,0.210,1.80,0.081,14,31,0.9969,3.59,0.66,9.80,5
6.4,0.640,0.210,1.80,0.081,14,31,0.9969,3.59,0.66,9.80,5
7.4,0.680,0.160,1.80,0.078,12,39,0.9977,3.5,0.7,9.90,6
6.4,0.640,0.210,1.80,0.081,14,31,0.9969,3.59,0.66,9.80,5
6.4,0.630,0.210,1.60,0.080,12,32,0.9969,3.58,0.66,9.80,5
9.3,0.430,0.440,1.90,0.085,9,22,0.9971,3.28,0.55,9.50,5
9.3,0.430,0.440,1.90,0.085,9,22,0.9971,3.28,0.55,9.50,5
8.0,0.420,0.320,2.50,0.080,26,122,0.9980,3.22,1.07,9.70,5
9.3,0.360,0.390,1.50,0.080,41,55,0.9965,3.47,0.73,10.90,6
9.3,0.360,0.390,1.50,0.080,41,55,0.9965,3.47,0.73,10.90,6
7.6,0.735,0.020,2.50,0.071,10,14,0.9954,3.51,0.71,11.70,7
9.3,0.360,0.390,1.50,0.080,41,55,0.9965,3.47,0.73,10.90,6
8.2,0.260,0.340,2.50,0.073,16,47,0.9959,3.4,0.78,11.30,7
11.7,0.280,0.470,1.70,0.054,17,32,0.9969,3.15,0.67,10.60,7
6.8,0.560,0.220,1.80,0.074,15,24,0.9944,3.4,0.82,11.20,6
7.2,0.620,0.060,2.70,0.077,15,85,0.9975,3.51,0.54,9.50,5
5.8,1.010,0.660,2.00,0.039,15,88,0.9936,3.66,0.6,11.50,6
7.5,0.420,0.320,2.70,0.067,7,25,0.9963,3.24,0.44,10.40,5
7.2,0.620,0.060,2.50,0.078,17,84,0.9975,3.51,0.53,9.70,5
7.2,0.620,0.060,2.70,0.077,15,85,0.9975,3.51,0.54,9.50,5
7.2,0.635,0.070,2.60,0.077,16,86,0.9975,3.51,0.54,9.70,5
6.8,0.490,0.220,2.30,0.071,13,24,0.9944,3.41,0.83,11.30,6
6.9,0.510,0.230,2.00,0.072,13,22,0.9944,3.4,0.84,11.20,6
6.8,0.560,0.220,1.80,0.074,15,24,0.9944,3.4,0.82,11.20,6
7.6,0.630,0.030,2.00,0.080,27,43,0.9958,3.44,0.64,10.90,6
7.7,0.715,0.010,2.10,0.064,31,43,0.9937,3.41,0.57,11.80,6
6.9,0.560,0.030,1.50,0.086,36,46,0.9952,3.53,0.57,10.60,5
7.3,0.350,0.240,2.00,0.067,28,48,0.9958,3.43,0.54,10.00,4
9.1,0.210,0.370,1.60,0.067,6,10,0.9955,3.23,0.58,11.10,7
10.4,0.380,0.460,2.10,0.104,6,10,0.9966,3.12,0.65,11.80,7
8.8,0.310,0.400,2.80,0.109,7,16,0.9961,3.31,0.79,11.80,7
7.1,0.470,0.000,2.20,0.067,7,14,0.9952,3.4,0.58,10.90,4
7.7,0.715,0.010,2.10,0.064,31,43,0.9937,3.41,0.57,11.80,6
8.8,0.610,0.190,4.00,0.094,30,69,0.9979,3.22,0.5,10.00,6
7.2,0.600,0.040,2.50,0.076,18,88,0.9975,3.53,0.55,9.50,5
9.2,0.560,0.180,1.60,0.078,10,21,0.9958,3.15,0.49,9.90,5
7.6,0.715,0.000,2.10,0.068,30,35,0.9953,3.48,0.65,11.40,6
8.4,0.310,0.290,3.10,0.194,14,26,0.9954,3.22,0.78,12.00,6
7.2,0.600,0.040,2.50,0.076,18,88,0.9975,3.53,0.55,9.50,5
8.8,0.610,0.190,4.00,0.094,30,69,0.9979,3.22,0.5,10.00,6
8.9,0.750,0.140,2.50,0.086,9,30,0.9982,3.34,0.64,10.50,5
9.0,0.800,0.120,2.40,0.083,8,28,0.9984,3.33,0.65,10.40,6
10.7,0.520,0.380,2.60,0.066,29,56,0.9958,3.15,0.79,12.10,7
6.8,0.570,0.000,2.50,0.072,32,64,0.9949,3.43,0.56,11.20,6
10.7,0.900,0.340,6.60,0.112,23,99,1.0029,3.22,0.68,9.30,5
7.2,0.340,0.240,2.00,0.071,30,52,0.9958,3.44,0.58,10.10,5
7.2,0.660,0.030,2.30,0.078,16,86,0.9974,3.53,0.57,9.70,5
10.1,0.450,0.230,1.90,0.082,10,18,0.9977,3.22,0.65,9.30,6
7.2,0.660,0.030,2.30,0.078,16,86,0.9974,3.53,0.57,9.70,5
7.2,0.630,0.030,2.20,0.080,17,88,0.9975,3.53,0.58,9.80,6
7.1,0.590,0.010,2.30,0.080,27,43,0.9955,3.42,0.58,10.70,6
8.3,0.310,0.390,2.40,0.078,17,43,0.9944,3.31,0.77,12.50,7
7.1,0.590,0.010,2.30,0.080,27,43,0.9955,3.42,0.58,10.70,6
8.3,0.310,0.390,2.40,0.078,17,43,0.9944,3.31,0.77,12.50,7
8.3,1.020,0.020,3.40,0.084,6,11,0.9989,3.48,0.49,11.00,3
8.9,0.310,0.360,2.60,0.056,10,39,0.9956,3.4,0.69,11.80,5
7.4,0.635,0.100,2.40,0.080,16,33,0.9974,3.58,0.69,10.80,7
7.4,0.635,0.100,2.40,0.080,16,33,0.9974,3.58,0.69,10.80,7
6.8,0.590,0.060,6.00,0.060,11,18,0.9962,3.41,0.59,10.80,7
6.8,0.590,0.060,6.00,0.060,11,18,0.9962,3.41,0.59,10.80,7
9.2,0.580,0.200,3.00,0.081,15,115,0.9980,3.23,0.59,9.50,5
7.2,0.540,0.270,2.60,0.084,12,78,0.9964,3.39,0.71,11.00,5
6.1,0.560,0.000,2.20,0.079,6,9,0.9948,3.59,0.54,11.50,6
7.4,0.520,0.130,2.40,0.078,34,61,0.9953,3.43,0.59,10.80,6
7.3,0.305,0.390,1.20,0.059,7,11,0.9933,3.29,0.52,11.50,6
9.3,0.380,0.480,3.80,0.132,3,11,0.9958,3.23,0.57,13.20,6
9.1,0.280,0.460,9.00,0.114,3,9,0.9990,3.18,0.6,10.90,6
10.0,0.460,0.440,2.90,0.065,4,8,0.9967,3.33,0.62,12.20,6
9.4,0.395,0.460,4.60,0.094,3,10,0.9964,3.27,0.64,12.20,7
7.3,0.305,0.390,1.20,0.059,7,11,0.9933,3.29,0.52,11.50,6
8.6,0.315,0.400,2.20,0.079,3,6,0.9951,3.27,0.67,11.90,6
5.3,0.715,0.190,1.50,0.161,7,62,0.9940,3.62,0.61,11.00,5
6.8,0.410,0.310,8.80,0.084,26,45,0.9982,3.38,0.64,10.10,6
8.4,0.360,0.320,2.20,0.081,32,79,0.9964,3.3,0.72,11.00,6
8.4,0.620,0.120,1.80,0.072,38,46,0.9950,3.38,0.89,11.80,6
9.6,0.410,0.370,2.30,0.091,10,23,0.9979,3.24,0.56,10.50,5
8.4,0.360,0.320,2.20,0.081,32,79,0.9964,3.3,0.72,11.00,6
8.4,0.620,0.120,1.80,0.072,38,46,0.9950,3.38,0.89,11.80,6
6.8,0.410,0.310,8.80,0.084,26,45,0.9982,3.38,0.64,10.10,6
8.6,0.470,0.270,2.30,0.055,14,28,0.9952,3.18,0.8,11.20,5
8.6,0.220,0.360,1.90,0.064,53,77,0.9960,3.47,0.87,11.00,7
9.4,0.240,0.330,2.30,0.061,52,73,0.9979,3.47,0.9,10.20,6
8.4,0.670,0.190,2.20,0.093,11,75,0.9974,3.2,0.59,9.20,4
8.6,0.470,0.270,2.30,0.055,14,28,0.9952,3.18,0.8,11.20,5
8.7,0.330,0.380,3.30,0.063,10,19,0.9947,3.3,0.73,12.00,7
6.6,0.610,0.010,1.90,0.080,8,25,0.9975,3.69,0.73,10.50,5
7.4,0.610,0.010,2.00,0.074,13,38,0.9975,3.48,0.65,9.80,5
7.6,0.400,0.290,1.90,0.078,29,66,0.9971,3.45,0.59,9.50,6
7.4,0.610,0.010,2.00,0.074,13,38,0.9975,3.48,0.65,9.80,5
6.6,0.610,0.010,1.90,0.080,8,25,0.9975,3.69,0.73,10.50,5
8.8,0.300,0.380,2.30,0.060,19,72,0.9954,3.39,0.72,11.80,6
8.8,0.300,0.380,2.30,0.060,19,72,0.9954,3.39,0.72,11.80,6
12.0,0.630,0.500,1.40,0.071,6,26,0.9979,3.07,0.6,10.40,4
7.2,0.380,0.380,2.80,0.068,23,42,0.9936,3.34,0.72,12.90,7
6.2,0.460,0.170,1.60,0.073,7,11,0.9943,3.61,0.54,11.40,5
9.6,0.330,0.520,2.20,0.074,13,25,0.9951,3.36,0.76,12.40,7
9.9,0.270,0.490,5.00,0.082,9,17,0.9948,3.19,0.52,12.50,7
10.1,0.430,0.400,2.60,0.092,13,52,0.9983,3.22,0.64,10.00,7
9.8,0.500,0.340,2.30,0.094,10,45,0.9986,3.24,0.6,9.70,7
8.3,0.300,0.490,3.80,0.090,11,24,0.9950,3.27,0.64,12.10,7
10.2,0.440,0.420,2.00,0.071,7,20,0.9957,3.14,0.79,11.10,7
10.2,0.440,0.580,4.10,0.092,11,24,0.9975,3.29,0.99,12.00,7
8.3,0.280,0.480,2.10,0.093,6,12,0.9941,3.26,0.62,12.40,7
8.9,0.120,0.450,1.80,0.075,10,21,0.9955,3.41,0.76,11.90,7
8.9,0.120,0.450,1.80,0.075,10,21,0.9955,3.41,0.76,11.90,7
8.9,0.120,0.450,1.80,0.075,10,21,0.9955,3.41,0.76,11.90,7
8.3,0.280,0.480,2.10,0.093,6,12,0.9941,3.26,0.62,12.40,7
8.2,0.310,0.400,2.20,0.058,6,10,0.9954,3.31,0.68,11.20,7
10.2,0.340,0.480,2.10,0.052,5,9,0.9946,3.2,0.69,12.10,7
7.6,0.430,0.400,2.70,0.082,6,11,0.9954,3.44,0.54,12.20,6
8.5,0.210,0.520,1.90,0.090,9,23,0.9965,3.36,0.67,10.40,5
9.0,0.360,0.520,2.10,0.111,5,10,0.9957,3.31,0.62,11.30,6
9.5,0.370,0.520,2.00,0.088,12,51,0.9961,3.29,0.58,11.10,6
6.4,0.570,0.120,2.30,0.120,25,36,0.9952,3.47,0.71,11.30,7
8.0,0.590,0.050,2.00,0.089,12,32,0.9974,3.36,0.61,10.00,5
8.5,0.470,0.270,1.90,0.058,18,38,0.9952,3.16,0.85,11.10,6
7.1,0.560,0.140,1.60,0.078,7,18,0.9959,3.27,0.62,9.30,5
6.6,0.570,0.020,2.10,0.115,6,16,0.9965,3.38,0.69,9.50,5
8.8,0.270,0.390,2.00,0.100,20,27,0.9955,3.15,0.69,11.20,6
8.5,0.470,0.270,1.90,0.058,18,38,0.9952,3.16,0.85,11.10,6
8.3,0.340,0.400,2.40,0.065,24,48,0.9955,3.34,0.86,11.00,6
9.0,0.380,0.410,2.40,0.103,6,10,0.9960,3.13,0.58,11.90,7
8.5,0.660,0.200,2.10,0.097,23,113,0.9973,3.13,0.48,9.20,5
9.0,0.400,0.430,2.40,0.068,29,46,0.9943,3.2,0.6,12.20,6
6.7,0.560,0.090,2.90,0.079,7,22,0.9967,3.46,0.61,10.20,5
10.4,0.260,0.480,1.90,0.066,6,10,0.9972,3.33,0.87,10.90,6
10.4,0.260,0.480,1.90,0.066,6,10,0.9972,3.33,0.87,10.90,6
10.1,0.380,0.500,2.40,0.104,6,13,0.9964,3.22,0.65,11.60,7
8.5,0.340,0.440,1.70,0.079,6,12,0.9961,3.52,0.63,10.70,5
8.8,0.330,0.410,5.90,0.073,7,13,0.9966,3.3,0.62,12.10,7
7.2,0.410,0.300,2.10,0.083,35,72,0.9970,3.44,0.52,9.40,5
7.2,0.410,0.300,2.10,0.083,35,72,0.9970,3.44,0.52,9.40,5
8.4,0.590,0.290,2.60,0.109,31,119,0.9980,3.15,0.5,9.10,5
7.0,0.400,0.320,3.60,0.061,9,29,0.9942,3.28,0.49,11.30,7
12.2,0.450,0.490,1.40,0.075,3,6,0.9969,3.13,0.63,10.40,5
9.1,0.500,0.300,1.90,0.065,8,17,0.9977,3.32,0.71,10.50,6
9.5,0.860,0.260,1.90,0.079,13,28,0.9971,3.25,0.62,10.00,5
7.3,0.520,0.320,2.10,0.070,51,70,0.9942,3.34,0.82,12.90,6
9.1,0.500,0.300,1.90,0.065,8,17,0.9977,3.32,0.71,10.50,6
12.2,0.450,0.490,1.40,0.075,3,6,0.9969,3.13,0.63,10.40,5
7.4,0.580,0.000,2.00,0.064,7,11,0.9956,3.45,0.58,11.30,6
9.8,0.340,0.390,1.40,0.066,3,7,0.9947,3.19,0.55,11.40,7
7.1,0.360,0.300,1.60,0.080,35,70,0.9969,3.44,0.5,9.40,5
7.7,0.390,0.120,1.70,0.097,19,27,0.9960,3.16,0.49,9.40,5
9.7,0.295,0.400,1.50,0.073,14,21,0.9956,3.14,0.51,10.90,6
7.7,0.390,0.120,1.70,0.097,19,27,0.9960,3.16,0.49,9.40,5
7.1,0.340,0.280,2.00,0.082,31,68,0.9969,3.45,0.48,9.40,5
6.5,0.400,0.100,2.00,0.076,30,47,0.9955,3.36,0.48,9.40,6
7.1,0.340,0.280,2.00,0.082,31,68,0.9969,3.45,0.48,9.40,5
10.0,0.350,0.450,2.50,0.092,20,88,0.9992,3.15,0.43,9.40,5
7.7,0.600,0.060,2.00,0.079,19,41,0.9970,3.39,0.62,10.10,6
5.6,0.660,0.000,2.20,0.087,3,11,0.9938,3.71,0.63,12.80,7
5.6,0.660,0.000,2.20,0.087,3,11,0.9938,3.71,0.63,12.80,7
8.9,0.840,0.340,1.40,0.050,4,10,0.9955,3.12,0.48,9.10,6
6.4,0.690,0.000,1.65,0.055,7,12,0.9916,3.47,0.53,12.90,6
7.5,0.430,0.300,2.20,0.062,6,12,0.9950,3.44,0.72,11.50,7
9.9,0.350,0.380,1.50,0.058,31,47,0.9968,3.26,0.82,10.60,7
9.1,0.290,0.330,2.05,0.063,13,27,0.9952,3.26,0.84,11.70,7
6.8,0.360,0.320,1.80,0.067,4,8,0.9928,3.36,0.55,12.80,7
8.2,0.430,0.290,1.60,0.081,27,45,0.9960,3.25,0.54,10.30,5
6.8,0.360,0.320,1.80,0.067,4,8,0.9928,3.36,0.55,12.80,7
9.1,0.290,0.330,2.05,0.063,13,27,0.9952,3.26,0.84,11.70,7
9.1,0.300,0.340,2.00,0.064,12,25,0.9952,3.26,0.84,11.70,7
8.9,0.350,0.400,3.60,0.110,12,24,0.9955,3.23,0.7,12.00,7
9.6,0.500,0.360,2.80,0.116,26,55,0.9972,3.18,0.68,10.90,5
8.9,0.280,0.450,1.70,0.067,7,12,0.9935,3.25,0.55,12.30,7
8.9,0.320,0.310,2.00,0.088,12,19,0.9957,3.17,0.55,10.40,6
7.7,1.005,0.150,2.10,0.102,11,32,0.9960,3.23,0.48,10.00,5
7.5,0.710,0.000,1.60,0.092,22,31,0.9964,3.38,0.58,10.00,6
8.0,0.580,0.160,2.00,0.120,3,7,0.9945,3.22,0.58,11.20,6
10.5,0.390,0.460,2.20,0.075,14,27,0.9960,3.06,0.84,11.40,6
8.9,0.380,0.400,2.20,0.068,12,28,0.9949,3.27,0.75,12.60,7
8.0,0.180,0.370,0.90,0.049,36,109,0.9901,2.89,0.44,12.70,6
8.0,0.180,0.370,0.90,0.049,36,109,0.9901,2.89,0.44,12.70,6
7.0,0.500,0.140,1.80,0.078,10,23,0.9964,3.53,0.61,10.40,5
11.3,0.360,0.660,2.40,0.123,3,8,0.9964,3.2,0.53,11.90,6
11.3,0.360,0.660,2.40,0.123,3,8,0.9964,3.2,0.53,11.90,6
7.0,0.510,0.090,2.10,0.062,4,9,0.9958,3.35,0.54,10.50,5
8.2,0.320,0.420,2.30,0.098,3,9,0.9951,3.27,0.55,12.30,6
7.7,0.580,0.010,1.80,0.088,12,18,0.9957,3.32,0.56,10.50,7
8.6,0.830,0.000,2.80,0.095,17,43,0.9982,3.33,0.6,10.40,6
7.9,0.310,0.320,1.90,0.066,14,36,0.9936,3.41,0.56,12.60,6
6.4,0.795,0.000,2.20,0.065,28,52,0.9938,3.49,0.52,11.60,5
7.2,0.340,0.210,2.50,0.075,41,68,0.9959,3.37,0.54,10.10,6
7.7,0.580,0.010,1.80,0.088,12,18,0.9957,3.32,0.56,10.50,7
7.1,0.590,0.000,2.10,0.091,9,14,0.9949,3.42,0.55,11.50,7
7.3,0.550,0.010,1.80,0.093,9,15,0.9951,3.35,0.58,11.00,7
8.1,0.820,0.000,4.10,0.095,5,14,0.9985,3.36,0.53,9.60,5
7.5,0.570,0.080,2.60,0.089,14,27,0.9959,3.3,0.59,10.40,6
8.9,0.745,0.180,2.50,0.077,15,48,0.9974,3.2,0.47,9.70,6
10.1,0.370,0.340,2.40,0.085,5,17,0.9968,3.17,0.65,10.60,7
7.6,0.310,0.340,2.50,0.082,26,35,0.9936,3.22,0.59,12.50,7
7.3,0.910,0.100,1.80,0.074,20,56,0.9967,3.35,0.56,9.20,5
8.7,0.410,0.410,6.20,0.078,25,42,0.9953,3.24,0.77,12.60,7
8.9,0.500,0.210,2.20,0.088,21,39,0.9969,3.33,0.83,11.10,6
7.4,0.965,0.000,2.20,0.088,16,32,0.9976,3.58,0.67,10.20,5
6.9,0.490,0.190,1.70,0.079,13,26,0.9955,3.38,0.64,9.80,6
8.9,0.500,0.210,2.20,0.088,21,39,0.9969,3.33,0.83,11.10,6
9.5,0.390,0.410,8.90,0.069,18,39,0.9986,3.29,0.81,10.90,7
6.4,0.390,0.330,3.30,0.046,12,53,0.9929,3.36,0.62,12.20,6
6.9,0.440,0.000,1.40,0.070,32,38,0.9944,3.32,0.58,11.40,6
7.6,0.780,0.000,1.70,0.076,33,45,0.9961,3.31,0.62,10.70,6
7.1,0.430,0.170,1.80,0.082,27,51,0.9963,3.49,0.64,10.40,5
9.3,0.490,0.360,1.70,0.081,3,14,0.9970,3.27,0.78,10.90,6
9.3,0.500,0.360,1.80,0.084,6,17,0.9970,3.27,0.77,10.80,6
7.1,0.430,0.170,1.80,0.082,27,51,0.9963,3.49,0.64,10.40,5
8.5,0.460,0.590,1.40,0.414,16,45,0.9970,3.03,1.34,9.20,5
5.6,0.605,0.050,2.40,0.073,19,25,0.9926,3.56,0.55,12.90,5
8.3,0.330,0.420,2.30,0.070,9,20,0.9943,3.38,0.77,12.70,7
8.2,0.640,0.270,2.00,0.095,5,77,0.9975,3.13,0.62,9.10,6
8.2,0.640,0.270,2.00,0.095,5,77,0.9975,3.13,0.62,9.10,6
8.9,0.480,0.530,4.00,0.101,3,10,0.9959,3.21,0.59,12.10,7
7.6,0.420,0.250,3.90,0.104,28,90,0.9978,3.15,0.57,9.10,5
9.9,0.530,0.570,2.40,0.093,30,52,0.9971,3.19,0.76,11.60,7
8.9,0.480,0.530,4.00,0.101,3,10,0.9959,3.21,0.59,12.10,7
11.6,0.230,0.570,1.80,0.074,3,8,0.9981,3.14,0.7,9.90,6
9.1,0.400,0.500,1.80,0.071,7,16,0.9946,3.21,0.69,12.50,8
8.0,0.380,0.440,1.90,0.098,6,15,0.9956,3.3,0.64,11.40,6
10.2,0.290,0.650,2.40,0.075,6,17,0.9957,3.22,0.63,11.80,6
8.2,0.740,0.090,2.00,0.067,5,10,0.9942,3.28,0.57,11.80,6
7.7,0.610,0.180,2.40,0.083,6,20,0.9963,3.29,0.6,10.20,6
6.6,0.520,0.080,2.40,0.070,13,26,0.9936,3.4,0.72,12.50,7
11.1,0.310,0.530,2.20,0.060,3,10,0.9957,3.02,0.83,10.90,7
11.1,0.310,0.530,2.20,0.060,3,10,0.9957,3.02,0.83,10.90,7
8.0,0.620,0.350,2.80,0.086,28,52,0.9970,3.31,0.62,10.80,5
9.3,0.330,0.450,1.50,0.057,19,37,0.9950,3.18,0.89,11.10,7
7.5,0.770,0.200,8.10,0.098,30,92,0.9989,3.2,0.58,9.20,5
7.2,0.350,0.260,1.80,0.083,33,75,0.9968,3.4,0.58,9.50,6
8.0,0.620,0.330,2.70,0.088,16,37,0.9972,3.31,0.58,10.70,6
7.5,0.770,0.200,8.10,0.098,30,92,0.9989,3.2,0.58,9.20,5
9.1,0.250,0.340,2.00,0.071,45,67,0.9977,3.44,0.86,10.20,7
9.9,0.320,0.560,2.00,0.073,3,8,0.9953,3.15,0.73,11.40,6
8.6,0.370,0.650,6.40,0.080,3,8,0.9982,3.27,0.58,11.00,5
8.6,0.370,0.650,6.40,0.080,3,8,0.9982,3.27,0.58,11.00,5
7.9,0.300,0.680,8.30,0.050,37.5,278,0.9932,3.01,0.51,12.30,7
10.3,0.270,0.560,1.40,0.047,3,8,0.9947,3.16,0.51,11.80,6
7.9,0.300,0.680,8.30,0.050,37.5,289,0.9932,3.01,0.51,12.30,7
7.2,0.380,0.300,1.80,0.073,31,70,0.9969,3.42,0.59,9.50,6
8.7,0.420,0.450,2.40,0.072,32,59,0.9962,3.33,0.77,12.00,6
7.2,0.380,0.300,1.80,0.073,31,70,0.9969,3.42,0.59,9.50,6
6.8,0.480,0.080,1.80,0.074,40,64,0.9953,3.12,0.49,9.60,5
8.5,0.340,0.400,4.70,0.055,3,9,0.9974,3.38,0.66,11.60,7
7.9,0.190,0.420,1.60,0.057,18,30,0.9940,3.29,0.69,11.20,6
11.6,0.410,0.540,1.50,0.095,22,41,0.9974,3.02,0.76,9.90,7
11.6,0.410,0.540,1.50,0.095,22,41,0.9974,3.02,0.76,9.90,7
10.0,0.260,0.540,1.90,0.083,42,74,0.9945,2.98,0.63,11.80,8
7.9,0.340,0.420,2.00,0.086,8,19,0.9955,3.35,0.6,11.40,6
7.0,0.540,0.090,2.00,0.081,10,16,0.9948,3.43,0.59,11.50,6
9.2,0.310,0.360,2.20,0.079,11,31,0.9962,3.33,0.86,12.00,7
6.6,0.725,0.090,5.50,0.117,9,17,0.9966,3.35,0.49,10.80,6
9.4,0.400,0.470,2.50,0.087,6,20,0.9977,3.15,0.5,10.50,5
6.6,0.725,0.090,5.50,0.117,9,17,0.9966,3.35,0.49,10.80,6
8.6,0.520,0.380,1.50,0.096,5,18,0.9967,3.2,0.52,9.40,5
8.0,0.310,0.450,2.10,0.216,5,16,0.9936,3.15,0.81,12.50,7
8.6,0.520,0.380,1.50,0.096,5,18,0.9967,3.2,0.52,9.40,5
8.4,0.340,0.420,2.10,0.072,23,36,0.9939,3.11,0.78,12.40,6
7.4,0.490,0.270,2.10,0.071,14,25,0.9939,3.35,0.63,12.00,6
6.1,0.480,0.090,1.70,0.078,18,30,0.9940,3.45,0.54,11.20,6
7.4,0.490,0.270,2.10,0.071,14,25,0.9939,3.35,0.63,12.00,6
8.0,0.480,0.340,2.20,0.073,16,25,0.9936,3.28,0.66,12.40,6
6.3,0.570,0.280,2.10,0.048,13,49,0.9937,3.41,0.6,12.80,5
8.2,0.230,0.420,1.90,0.069,9,17,0.9938,3.21,0.54,12.30,6
9.1,0.300,0.410,2.00,0.068,10,24,0.9952,3.27,0.85,11.70,7
8.1,0.780,0.100,3.30,0.090,4,13,0.9986,3.36,0.49,9.50,5
10.8,0.470,0.430,2.10,0.171,27,66,0.9982,3.17,0.76,10.80,6
8.3,0.530,0.000,1.40,0.070,6,14,0.9959,3.25,0.64,10.00,6
5.4,0.420,0.270,2.00,0.092,23,55,0.9947,3.78,0.64,12.30,7
7.9,0.330,0.410,1.50,0.056,6,35,0.9940,3.29,0.71,11.00,6
8.9,0.240,0.390,1.60,0.074,3,10,0.9970,3.12,0.59,9.50,6
5.0,0.400,0.500,4.30,0.046,29,80,0.9902,3.49,0.66,13.60,6
7.0,0.690,0.070,2.50,0.091,15,21,0.9957,3.38,0.6,11.30,6
7.0,0.690,0.070,2.50,0.091,15,21,0.9957,3.38,0.6,11.30,6
7.0,0.690,0.070,2.50,0.091,15,21,0.9957,3.38,0.6,11.30,6
7.1,0.390,0.120,2.10,0.065,14,24,0.9925,3.3,0.53,13.30,6
5.6,0.660,0.000,2.50,0.066,7,15,0.9926,3.52,0.58,12.90,5
7.9,0.540,0.340,2.50,0.076,8,17,0.9924,3.2,0.72,13.10,8
6.6,0.500,0.000,1.80,0.062,21,28,0.9935,3.44,0.55,12.30,6
6.3,0.470,0.000,1.40,0.055,27,33,0.9922,3.45,0.48,12.30,6
10.7,0.400,0.370,1.90,0.081,17,29,0.9967,3.12,0.65,11.20,6
6.5,0.580,0.000,2.20,0.096,3,13,0.9956,3.62,0.62,11.50,4
8.8,0.240,0.350,1.70,0.055,13,27,0.9939,3.14,0.59,11.30,7
5.8,0.290,0.260,1.70,0.063,3,11,0.9915,3.39,0.54,13.50,6
6.3,0.760,0.000,2.90,0.072,26,52,0.9938,3.51,0.6,11.50,6
10.0,0.430,0.330,2.70,0.095,28,89,0.9984,3.22,0.68,10.00,5
10.5,0.430,0.350,3.30,0.092,24,70,0.9980,3.21,0.69,10.50,6
9.1,0.600,0.000,1.90,0.058,5,10,0.9977,3.18,0.63,10.40,6
5.9,0.190,0.210,1.70,0.045,57,135,0.9934,3.32,0.44,9.50,5
7.4,0.360,0.340,1.80,0.075,18,38,0.9933,3.38,0.88,13.60,7
7.2,0.480,0.070,5.50,0.089,10,18,0.9968,3.37,0.68,11.20,7
8.5,0.280,0.350,1.70,0.061,6,15,0.9952,3.3,0.74,11.80,7
8.0,0.250,0.430,1.70,0.067,22,50,0.9946,3.38,0.6,11.90,6
10.4,0.520,0.450,2.00,0.080,6,13,0.9977,3.22,0.76,11.40,6
10.4,0.520,0.450,2.00,0.080,6,13,0.9977,3.22,0.76,11.40,6
7.5,0.410,0.150,3.70,0.104,29,94,0.9979,3.14,0.58,9.10,5
8.2,0.510,0.240,2.00,0.079,16,86,0.9976,3.34,0.64,9.50,6
7.3,0.400,0.300,1.70,0.080,33,79,0.9969,3.41,0.65,9.50,6
8.2,0.380,0.320,2.50,0.080,24,71,0.9962,3.27,0.85,11.00,6
6.9,0.450,0.110,2.40,0.043,6,12,0.9935,3.3,0.65,11.40,6
7.0,0.220,0.300,1.80,0.065,16,20,0.9967,3.61,0.82,10.00,6
7.3,0.320,0.230,2.30,0.066,35,70,0.9959,3.43,0.62,10.10,5
8.2,0.200,0.430,2.50,0.076,31,51,0.9967,3.53,0.81,10.40,6
7.8,0.500,0.120,1.80,0.178,6,21,0.9960,3.28,0.87,9.80,6
10.0,0.410,0.450,6.20,0.071,6,14,0.9970,3.21,0.49,11.80,7
7.8,0.390,0.420,2.00,0.086,9,21,0.9953,3.39,0.66,11.60,6
10.0,0.350,0.470,2.00,0.061,6,11,0.9959,3.23,0.52,12.00,6
8.2,0.330,0.320,2.80,0.067,4,12,0.9947,3.3,0.76,12.80,7
6.1,0.580,0.230,2.50,0.044,16,70,0.9935,3.46,0.65,12.50,6
8.3,0.600,0.250,2.20,0.118,9,38,0.9962,3.15,0.53,9.80,5
9.6,0.420,0.350,2.10,0.083,17,38,0.9962,3.23,0.66,11.10,6
6.6,0.580,0.000,2.20,0.100,50,63,0.9954,3.59,0.68,11.40,6
8.3,0.600,0.250,2.20,0.118,9,38,0.9962,3.15,0.53,9.80,5
8.5,0.180,0.510,1.75,0.071,45,88,0.9952,3.33,0.76,11.80,7
5.1,0.510,0.180,2.10,0.042,16,101,0.9924,3.46,0.87,12.90,7
6.7,0.410,0.430,2.80,0.076,22,54,0.9957,3.42,1.16,10.60,6
10.2,0.410,0.430,2.20,0.110,11,37,0.9973,3.16,0.67,10.80,5
10.6,0.360,0.570,2.30,0.087,6,20,0.9968,3.14,0.72,11.10,7
8.8,0.450,0.430,1.40,0.076,12,21,0.9955,3.21,0.75,10.20,6
8.5,0.320,0.420,2.30,0.075,12,19,0.9943,3.14,0.71,11.80,7
9.0,0.785,0.240,1.70,0.078,10,21,0.9969,3.29,0.67,10.00,5
9.0,0.785,0.240,1.70,0.078,10,21,0.9969,3.29,0.67,10.00,5
8.5,0.440,0.500,1.90,0.369,15,38,0.9963,3.01,1.1,9.40,5
9.9,0.540,0.260,2.00,0.111,7,60,0.9971,2.94,0.98,10.20,5
8.2,0.330,0.390,2.50,0.074,29,48,0.9953,3.32,0.88,12.40,7
6.5,0.340,0.270,2.80,0.067,8,44,0.9938,3.21,0.56,12.00,6
7.6,0.500,0.290,2.30,0.086,5,14,0.9950,3.32,0.62,11.50,6
9.2,0.360,0.340,1.60,0.062,5,12,0.9967,3.2,0.67,10.50,6
7.1,0.590,0.000,2.20,0.078,26,44,0.9952,3.42,0.68,10.80,6
9.7,0.420,0.460,2.10,0.074,5,16,0.9965,3.27,0.74,12.30,6
7.6,0.360,0.310,1.70,0.079,26,65,0.9972,3.46,0.62,9.50,6
7.6,0.360,0.310,1.70,0.079,26,65,0.9972,3.46,0.62,9.50,6
6.5,0.610,0.000,2.20,0.095,48,59,0.9954,3.61,0.7,11.50,6
6.5,0.880,0.030,5.60,0.079,23,47,0.9957,3.58,0.5,11.20,4
7.1,0.660,0.000,2.40,0.052,6,11,0.9932,3.35,0.66,12.70,7
5.6,0.915,0.000,2.10,0.041,17,78,0.9935,3.68,0.73,11.40,5
8.2,0.350,0.330,2.40,0.076,11,47,0.9960,3.27,0.81,11.00,6
8.2,0.350,0.330,2.40,0.076,11,47,0.9960,3.27,0.81,11.00,6
9.8,0.390,0.430,1.65,0.068,5,11,0.9948,3.19,0.46,11.40,5
10.2,0.400,0.400,2.50,0.068,41,54,0.9975,3.38,0.86,10.50,6
6.8,0.660,0.070,1.60,0.070,16,61,0.9957,3.29,0.6,9.30,5
6.7,0.640,0.230,2.10,0.080,11,119,0.9954,3.36,0.7,10.90,5
7.0,0.430,0.300,2.00,0.085,6,39,0.9935,3.33,0.46,11.90,6
6.6,0.800,0.030,7.80,0.079,6,12,0.9963,3.52,0.5,12.20,5
7.0,0.430,0.300,2.00,0.085,6,39,0.9935,3.33,0.46,11.90,6
6.7,0.640,0.230,2.10,0.080,11,119,0.9954,3.36,0.7,10.90,5
8.8,0.955,0.050,1.80,0.075,5,19,0.9962,3.3,0.44,9.60,4
9.1,0.400,0.570,4.60,0.080,6,20,0.9965,3.28,0.57,12.50,6
6.5,0.885,0.000,2.30,0.166,6,12,0.9955,3.56,0.51,10.80,5
7.2,0.250,0.370,2.50,0.063,11,41,0.9944,3.52,0.8,12.40,7
6.4,0.885,0.000,2.30,0.166,6,12,0.9955,3.56,0.51,10.80,5
7.0,0.745,0.120,1.80,0.114,15,64,0.9959,3.22,0.59,9.50,6
6.2,0.430,0.220,1.80,0.078,21,56,0.9963,3.52,0.6,9.50,6
7.9,0.580,0.230,2.30,0.076,23,94,0.9969,3.21,0.58,9.50,6
7.7,0.570,0.210,1.50,0.069,4,9,0.9946,3.16,0.54,9.80,6
7.7,0.260,0.260,2.00,0.052,19,77,0.9951,3.15,0.79,10.90,6
7.9,0.580,0.230,2.30,0.076,23,94,0.9969,3.21,0.58,9.50,6
7.7,0.570,0.210,1.50,0.069,4,9,0.9946,3.16,0.54,9.80,6
7.9,0.340,0.360,1.90,0.065,5,10,0.9942,3.27,0.54,11.20,7
8.6,0.420,0.390,1.80,0.068,6,12,0.9952,3.35,0.69,11.70,8
9.9,0.740,0.190,5.80,0.111,33,76,0.9988,3.14,0.55,9.40,5
7.2,0.360,0.460,2.10,0.074,24,44,0.9953,3.4,0.85,11.00,7
7.2,0.360,0.460,2.10,0.074,24,44,0.9953,3.4,0.85,11.00,7
7.2,0.360,0.460,2.10,0.074,24,44,0.9953,3.4,0.85,11.00,7
9.9,0.720,0.550,1.70,0.136,24,52,0.9975,3.35,0.94,10.00,5
7.2,0.360,0.460,2.10,0.074,24,44,0.9953,3.4,0.85,11.00,7
6.2,0.390,0.430,2.00,0.071,14,24,0.9943,3.45,0.87,11.20,7
6.8,0.650,0.020,2.10,0.078,8,15,0.9950,3.35,0.62,10.40,6
6.6,0.440,0.150,2.10,0.076,22,53,0.9957,3.32,0.62,9.30,5
6.8,0.650,0.020,2.10,0.078,8,15,0.9950,3.35,0.62,10.40,6
9.6,0.380,0.420,1.90,0.071,5,13,0.9966,3.15,0.75,10.50,6
10.2,0.330,0.460,1.90,0.081,6,9,0.9963,3.1,0.48,10.40,6
8.8,0.270,0.460,2.10,0.095,20,29,0.9949,3.26,0.56,11.30,6
7.9,0.570,0.310,2.00,0.079,10,79,0.9968,3.29,0.69,9.50,6
8.2,0.340,0.370,1.90,0.057,43,74,0.9941,3.23,0.81,12.00,6
8.2,0.400,0.310,1.90,0.082,8,24,0.9960,3.24,0.69,10.60,6
9.0,0.390,0.400,1.30,0.044,25,50,0.9948,3.2,0.83,10.90,6
10.9,0.320,0.520,1.80,0.132,17,44,0.9973,3.28,0.77,11.50,6
10.9,0.320,0.520,1.80,0.132,17,44,0.9973,3.28,0.77,11.50,6
8.1,0.530,0.220,2.20,0.078,33,89,0.9968,3.26,0.46,9.60,6
10.5,0.360,0.470,2.20,0.074,9,23,0.9964,3.23,0.76,12.00,6
12.6,0.390,0.490,2.50,0.080,8,20,0.9992,3.07,0.82,10.30,6
9.2,0.460,0.230,2.60,0.091,18,77,0.9992,3.15,0.51,9.40,5
7.5,0.580,0.030,4.10,0.080,27,46,0.9959,3.02,0.47,9.20,5
9.0,0.580,0.250,2.00,0.104,8,21,0.9977,3.27,0.72,9.60,5
5.1,0.420,0.000,1.80,0.044,18,88,0.9916,3.68,0.73,13.60,7
7.6,0.430,0.290,2.10,0.075,19,66,0.9972,3.4,0.64,9.50,5
7.7,0.180,0.340,2.70,0.066,15,58,0.9947,3.37,0.78,11.80,6
7.8,0.815,0.010,2.60,0.074,48,90,0.9962,3.38,0.62,10.80,5
7.6,0.430,0.290,2.10,0.075,19,66,0.9972,3.4,0.64,9.50,5
10.2,0.230,0.370,2.20,0.057,14,36,0.9961,3.23,0.49,9.30,4
7.1,0.750,0.010,2.20,0.059,11,18,0.9924,3.39,0.4,12.80,6
6.0,0.330,0.320,12.90,0.054,6,113,0.9957,3.3,0.56,11.50,4
7.8,0.550,0.000,1.70,0.070,7,17,0.9966,3.26,0.64,9.40,6
7.1,0.750,0.010,2.20,0.059,11,18,0.9924,3.39,0.4,12.80,6
8.1,0.730,0.000,2.50,0.081,12,24,0.9980,3.38,0.46,9.60,4
6.5,0.670,0.000,4.30,0.057,11,20,0.9949,3.45,0.56,11.80,4
7.5,0.610,0.200,1.70,0.076,36,60,0.9949,3.1,0.4,9.30,5
9.8,0.370,0.390,2.50,0.079,28,65,0.9973,3.16,0.59,9.80,5
9.0,0.400,0.410,2.00,0.058,15,40,0.9941,3.22,0.6,12.20,6
8.3,0.560,0.220,2.40,0.082,10,86,0.9983,3.37,0.62,9.50,5
5.9,0.290,0.250,13.40,0.067,72,160,0.9972,3.33,0.54,10.30,6
7.4,0.550,0.190,1.80,0.082,15,34,0.9966,3.49,0.68,10.50,5
7.4,0.740,0.070,1.70,0.086,15,48,0.9950,3.12,0.48,10.00,5
7.4,0.550,0.190,1.80,0.082,15,34,0.9966,3.49,0.68,10.50,5
6.9,0.410,0.330,2.20,0.081,22,36,0.9949,3.41,0.75,11.10,6
7.1,0.600,0.010,2.30,0.079,24,37,0.9951,3.4,0.61,10.90,6
7.1,0.600,0.010,2.30,0.079,24,37,0.9951,3.4,0.61,10.90,6
7.5,0.580,0.140,2.20,0.077,27,60,0.9963,3.28,0.59,9.80,5
7.1,0.720,0.000,1.80,0.123,6,14,0.9963,3.45,0.58,9.80,5
7.9,0.660,0.000,1.40,0.096,6,13,0.9957,3.43,0.58,9.50,5
7.8,0.700,0.060,1.90,0.079,20,35,0.9963,3.4,0.69,10.90,5
6.1,0.640,0.020,2.40,0.069,26,46,0.9936,3.47,0.45,11.00,5
7.5,0.590,0.220,1.80,0.082,43,60,0.9950,3.1,0.42,9.20,5
7.0,0.580,0.280,4.80,0.085,12,69,0.9963,3.32,0.7,11.00,6
6.8,0.640,0.000,2.70,0.123,15,33,0.9954,3.44,0.63,11.30,6
6.8,0.640,0.000,2.70,0.123,15,33,0.9954,3.44,0.63,11.30,6
8.6,0.635,0.680,1.80,0.403,19,56,0.9963,3.02,1.15,9.30,5
6.3,1.020,0.000,2.00,0.083,17,24,0.9944,3.59,0.55,11.20,4
9.8,0.450,0.380,2.50,0.081,34,66,0.9973,3.15,0.58,9.80,5
8.2,0.780,0.000,2.20,0.089,13,26,0.9978,3.37,0.46,9.60,4
8.5,0.370,0.320,1.80,0.066,26,51,0.9946,3.38,0.72,11.80,6
7.2,0.570,0.050,2.30,0.081,16,36,0.9956,3.38,0.6,10.30,6
7.2,0.570,0.050,2.30,0.081,16,36,0.9956,3.38,0.6,10.30,6
10.4,0.430,0.500,2.30,0.068,13,19,0.9960,3.1,0.87,11.40,6
6.9,0.410,0.310,2.00,0.079,21,51,0.9967,3.47,0.55,9.50,6
5.5,0.490,0.030,1.80,0.044,28,87,0.9908,3.5,0.82,14.00,8
5.0,0.380,0.010,1.60,0.048,26,60,0.9908,3.7,0.75,14.00,6
7.3,0.440,0.200,1.60,0.049,24,64,0.9935,3.38,0.57,11.70,6
5.9,0.460,0.000,1.90,0.077,25,44,0.9939,3.5,0.53,11.20,5
7.5,0.580,0.200,2.00,0.073,34,44,0.9949,3.1,0.43,9.30,5
7.8,0.580,0.130,2.10,0.102,17,36,0.9944,3.24,0.53,11.20,6
8.0,0.715,0.220,2.30,0.075,13,81,0.9969,3.24,0.54,9.50,6
8.5,0.400,0.400,6.30,0.050,3,10,0.9957,3.28,0.56,12.00,4
7.0,0.690,0.000,1.90,0.114,3,10,0.9964,3.35,0.6,9.70,6
8.0,0.715,0.220,2.30,0.075,13,81,0.9969,3.24,0.54,9.50,6
9.8,0.300,0.390,1.70,0.062,3,9,0.9948,3.14,0.57,11.50,7
7.1,0.460,0.200,1.90,0.077,28,54,0.9956,3.37,0.64,10.40,6
7.1,0.460,0.200,1.90,0.077,28,54,0.9956,3.37,0.64,10.40,6
7.9,0.765,0.000,2.00,0.084,9,22,0.9962,3.33,0.68,10.90,6
8.7,0.630,0.280,2.70,0.096,17,69,0.9973,3.26,0.63,10.20,6
7.0,0.420,0.190,2.30,0.071,18,36,0.9948,3.39,0.56,10.90,5
11.3,0.370,0.500,1.80,0.090,20,47,0.9973,3.15,0.57,10.50,5
7.1,0.160,0.440,2.50,0.068,17,31,0.9933,3.35,0.54,12.40,6
8.0,0.600,0.080,2.60,0.056,3,7,0.9929,3.22,0.37,13.00,5
7.0,0.600,0.300,4.50,0.068,20,110,0.9991,3.3,1.17,10.20,5
7.0,0.600,0.300,4.50,0.068,20,110,0.9991,3.3,1.17,10.20,5
7.6,0.740,0.000,1.90,0.100,6,12,0.9952,3.36,0.59,11.00,5
8.2,0.635,0.100,2.10,0.073,25,60,0.9964,3.29,0.75,10.90,6
5.9,0.395,0.130,2.40,0.056,14,28,0.9936,3.62,0.67,12.40,6
7.5,0.755,0.000,1.90,0.084,6,12,0.9967,3.34,0.49,9.70,4
8.2,0.635,0.100,2.10,0.073,25,60,0.9964,3.29,0.75,10.90,6
6.6,0.630,0.000,4.30,0.093,51,77.5,0.9956,3.2,0.45,9.50,5
6.6,0.630,0.000,4.30,0.093,51,77.5,0.9956,3.2,0.45,9.50,5
7.2,0.530,0.140,2.10,0.064,15,29,0.9932,3.35,0.61,12.10,6
5.7,0.600,0.000,1.40,0.063,11,18,0.9919,3.45,0.56,12.20,6
7.6,1.580,0.000,2.10,0.137,5,9,0.9948,3.5,0.4,10.90,3
5.2,0.645,0.000,2.15,0.080,15,28,0.9944,3.78,0.61,12.50,6
6.7,0.860,0.070,2.00,0.100,20,57,0.9960,3.6,0.74,11.70,6
9.1,0.370,0.320,2.10,0.064,4,15,0.9958,3.3,0.8,11.20,6
8.0,0.280,0.440,1.80,0.081,28,68,0.9950,3.36,0.66,11.20,5
7.6,0.790,0.210,2.30,0.087,21,68,0.9955,3.12,0.44,9.20,5
7.5,0.610,0.260,1.90,0.073,24,88,0.9961,3.3,0.53,9.80,5
9.7,0.690,0.320,2.50,0.088,22,91,0.9979,3.29,0.62,10.10,5
6.8,0.680,0.090,3.90,0.068,15,29,0.9952,3.41,0.52,11.10,4
9.7,0.690,0.320,2.50,0.088,22,91,0.9979,3.29,0.62,10.10,5
7.0,0.620,0.100,1.40,0.071,27,63,0.9960,3.28,0.61,9.20,5
7.5,0.610,0.260,1.90,0.073,24,88,0.9961,3.3,0.53,9.80,5
6.5,0.510,0.150,3.00,0.064,12,27,0.9929,3.33,0.59,12.80,6
8.0,1.180,0.210,1.90,0.083,14,41,0.9953,3.34,0.47,10.50,5
7.0,0.360,0.210,2.30,0.086,20,65,0.9956,3.4,0.54,10.10,6
7.0,0.360,0.210,2.40,0.086,24,69,0.9956,3.4,0.53,10.10,6
7.5,0.630,0.270,2.00,0.083,17,91,0.9962,3.26,0.58,9.80,6
5.4,0.740,0.000,1.20,0.041,16,46,0.9926,4.01,0.59,12.50,6
9.9,0.440,0.460,2.20,0.091,10,41,0.9964,3.18,0.69,11.90,6
7.5,0.630,0.270,2.00,0.083,17,91,0.9962,3.26,0.58,9.80,6
9.1,0.760,0.680,1.70,0.414,18,64,0.9965,2.9,1.33,9.10,6
9.7,0.660,0.340,2.60,0.094,12,88,0.9980,3.26,0.66,10.10,5
5.0,0.740,0.000,1.20,0.041,16,46,0.9926,4.01,0.59,12.50,6
9.1,0.340,0.420,1.80,0.058,9,18,0.9939,3.18,0.55,11.40,5
9.1,0.360,0.390,1.80,0.060,21,55,0.9950,3.18,0.82,11.00,7
6.7,0.460,0.240,1.70,0.077,18,34,0.9948,3.39,0.6,10.60,6
6.7,0.460,0.240,1.70,0.077,18,34,0.9948,3.39,0.6,10.60,6
6.7,0.460,0.240,1.70,0.077,18,34,0.9948,3.39,0.6,10.60,6
6.7,0.460,0.240,1.70,0.077,18,34,0.9948,3.39,0.6,10.60,6
6.5,0.520,0.110,1.80,0.073,13,38,0.9955,3.34,0.52,9.30,5
7.4,0.600,0.260,2.10,0.083,17,91,0.9962,3.29,0.56,9.80,6
7.4,0.600,0.260,2.10,0.083,17,91,0.9962,3.29,0.56,9.80,6
7.8,0.870,0.260,3.80,0.107,31,67,0.9967,3.26,0.46,9.20,5
8.4,0.390,0.100,1.70,0.075,6,25,0.9958,3.09,0.43,9.70,6
9.1,0.775,0.220,2.20,0.079,12,48,0.9976,3.18,0.51,9.60,5
7.2,0.835,0.000,2.00,0.166,4,11,0.9961,3.39,0.52,10.00,5
6.6,0.580,0.020,2.40,0.069,19,40,0.9939,3.38,0.66,12.60,6
6.0,0.500,0.000,1.40,0.057,15,26,0.9945,3.36,0.45,9.50,5
6.0,0.500,0.000,1.40,0.057,15,26,0.9945,3.36,0.45,9.50,5
6.0,0.500,0.000,1.40,0.057,15,26,0.9945,3.36,0.45,9.50,5
7.5,0.510,0.020,1.70,0.084,13,31,0.9954,3.36,0.54,10.50,6
7.5,0.510,0.020,1.70,0.084,13,31,0.9954,3.36,0.54,10.50,6
7.5,0.510,0.020,1.70,0.084,13,31,0.9954,3.36,0.54,10.50,6
7.6,0.540,0.020,1.70,0.085,17,31,0.9959,3.37,0.51,10.40,6
7.5,0.510,0.020,1.70,0.084,13,31,0.9954,3.36,0.54,10.50,6
11.5,0.420,0.480,2.60,0.077,8,20,0.9985,3.09,0.53,11.00,5
8.2,0.440,0.240,2.30,0.063,10,28,0.9961,3.25,0.53,10.20,6
6.1,0.590,0.010,2.10,0.056,5,13,0.9947,3.52,0.56,11.40,5
7.2,0.655,0.030,1.80,0.078,7,12,0.9959,3.34,0.39,9.50,5
7.2,0.655,0.030,1.80,0.078,7,12,0.9959,3.34,0.39,9.50,5
6.9,0.570,0.000,2.80,0.081,21,41,0.9952,3.41,0.52,10.80,5
9.0,0.600,0.290,2.00,0.069,32,73,0.9965,3.34,0.57,10.00,5
7.2,0.620,0.010,2.30,0.065,8,46,0.9933,3.32,0.51,11.80,6
7.6,0.645,0.030,1.90,0.086,14,57,0.9969,3.37,0.46,10.30,5
7.6,0.645,0.030,1.90,0.086,14,57,0.9969,3.37,0.46,10.30,5
7.2,0.580,0.030,2.30,0.077,7,28,0.9957,3.35,0.52,10.00,5
6.1,0.320,0.250,1.80,0.086,5,32,0.9946,3.36,0.44,10.10,5
6.1,0.340,0.250,1.80,0.084,4,28,0.9946,3.36,0.44,10.10,5
7.3,0.430,0.240,2.50,0.078,27,67,0.9965,3.6,0.59,11.10,6
7.4,0.640,0.170,5.40,0.168,52,98,0.9974,3.28,0.5,9.50,5
11.6,0.475,0.400,1.40,0.091,6,28,0.9970,3.07,0.65,10.03,6
9.2,0.540,0.310,2.30,0.112,11,38,0.9970,3.24,0.56,10.90,5
8.3,0.850,0.140,2.50,0.093,13,54,0.9972,3.36,0.54,10.10,5
11.6,0.475,0.400,1.40,0.091,6,28,0.9970,3.07,0.65,10.03,6
8.0,0.830,0.270,2.00,0.080,11,63,0.9965,3.29,0.48,9.80,4
7.2,0.605,0.020,1.90,0.096,10,31,0.9950,3.46,0.53,11.80,6
7.8,0.500,0.090,2.20,0.115,10,42,0.9971,3.18,0.62,9.50,5
7.3,0.740,0.080,1.70,0.094,10,45,0.9958,3.24,0.5,9.80,5
6.9,0.540,0.300,2.20,0.088,9,105,0.9973,3.25,1.18,10.50,6
8.0,0.770,0.320,2.10,0.079,16,74,0.9966,3.27,0.5,9.80,6
6.6,0.610,0.000,1.60,0.069,4,8,0.9940,3.33,0.37,10.40,4
8.7,0.780,0.510,1.70,0.415,12,66,0.9962,3,1.17,9.20,5
7.5,0.580,0.560,3.10,0.153,5,14,0.9948,3.21,1.03,11.60,6
8.7,0.780,0.510,1.70,0.415,12,66,0.9962,3,1.17,9.20,5
7.7,0.750,0.270,3.80,0.110,34,89,0.9966,3.24,0.45,9.30,5
6.8,0.815,0.000,1.20,0.267,16,29,0.9947,3.32,0.51,9.80,3
7.2,0.560,0.260,2.00,0.083,13,100,0.9959,3.26,0.52,9.90,5
8.2,0.885,0.200,1.40,0.086,7,31,0.9946,3.11,0.46,10.00,5
5.2,0.490,0.260,2.30,0.090,23,74,0.9953,3.71,0.62,12.20,6
7.2,0.450,0.150,2.00,0.078,10,28,0.9961,3.29,0.51,9.90,6
7.5,0.570,0.020,2.60,0.077,11,35,0.9956,3.36,0.62,10.80,6
7.5,0.570,0.020,2.60,0.077,11,35,0.9956,3.36,0.62,10.80,6
6.8,0.830,0.090,1.80,0.074,4,25,0.9953,3.38,0.45,9.60,5
8.0,0.600,0.220,2.10,0.080,25,105,0.9961,3.3,0.49,9.90,5
8.0,0.600,0.220,2.10,0.080,25,105,0.9961,3.3,0.49,9.90,5
7.1,0.755,0.150,1.80,0.107,20,84,0.9959,3.19,0.5,9.50,5
8.0,0.810,0.250,3.40,0.076,34,85,0.9967,3.19,0.42,9.20,5
7.4,0.640,0.070,1.80,0.100,8,23,0.9961,3.3,0.58,9.60,5
7.4,0.640,0.070,1.80,0.100,8,23,0.9961,3.3,0.58,9.60,5
6.6,0.640,0.310,6.10,0.083,7,49,0.9972,3.35,0.68,10.30,5
6.7,0.480,0.020,2.20,0.080,36,111,0.9952,3.1,0.53,9.70,5
6.0,0.490,0.000,2.30,0.068,15,33,0.9929,3.58,0.59,12.50,6
8.0,0.640,0.220,2.40,0.094,5,33,0.9961,3.37,0.58,11.00,5
7.1,0.620,0.060,1.30,0.070,5,12,0.9942,3.17,0.48,9.80,5
8.0,0.520,0.250,2.00,0.078,19,59,0.9961,3.3,0.48,10.20,5
6.4,0.570,0.140,3.90,0.070,27,73,0.9967,3.32,0.48,9.20,5
8.6,0.685,0.100,1.60,0.092,3,12,0.9975,3.31,0.65,9.55,6
8.7,0.675,0.100,1.60,0.090,4,11,0.9975,3.31,0.65,9.55,5
7.3,0.590,0.260,2.00,0.080,17,104,0.9958,3.28,0.52,9.90,5
7.0,0.600,0.120,2.20,0.083,13,28,0.9966,3.52,0.62,10.20,7
7.2,0.670,0.000,2.20,0.068,10,24,0.9956,3.42,0.72,11.10,6
7.9,0.690,0.210,2.10,0.080,33,141,0.9962,3.25,0.51,9.90,5
7.9,0.690,0.210,2.10,0.080,33,141,0.9962,3.25,0.51,9.90,5
7.6,0.300,0.420,2.00,0.052,6,24,0.9963,3.44,0.82,11.90,6
7.2,0.330,0.330,1.70,0.061,3,13,0.9960,3.23,1.1,10.00,8
8.0,0.500,0.390,2.60,0.082,12,46,0.9985,3.43,0.62,10.70,6
7.7,0.280,0.300,2.00,0.062,18,34,0.9952,3.28,0.9,11.30,7
8.2,0.240,0.340,5.10,0.062,8,22,0.9974,3.22,0.94,10.90,6
6.0,0.510,0.000,2.10,0.064,40,54,0.9950,3.54,0.93,10.70,6
8.1,0.290,0.360,2.20,0.048,35,53,0.9950,3.27,1.01,12.40,7
6.0,0.510,0.000,2.10,0.064,40,54,0.9950,3.54,0.93,10.70,6
6.6,0.960,0.000,1.80,0.082,5,16,0.9936,3.5,0.44,11.90,6
6.4,0.470,0.400,2.40,0.071,8,19,0.9963,3.56,0.73,10.60,6
8.2,0.240,0.340,5.10,0.062,8,22,0.9974,3.22,0.94,10.90,6
9.9,0.570,0.250,2.00,0.104,12,89,0.9963,3.04,0.9,10.10,5
10.0,0.320,0.590,2.20,0.077,3,15,0.9994,3.2,0.78,9.60,5
6.2,0.580,0.000,1.60,0.065,8,18,0.9966,3.56,0.84,9.40,5
10.0,0.320,0.590,2.20,0.077,3,15,0.9994,3.2,0.78,9.60,5
7.3,0.340,0.330,2.50,0.064,21,37,0.9952,3.35,0.77,12.10,7
7.8,0.530,0.010,1.60,0.077,3,19,0.9950,3.16,0.46,9.80,5
7.7,0.640,0.210,2.20,0.077,32,133,0.9956,3.27,0.45,9.90,5
7.8,0.530,0.010,1.60,0.077,3,19,0.9950,3.16,0.46,9.80,5
7.5,0.400,0.180,1.60,0.079,24,58,0.9965,3.34,0.58,9.40,5
7.0,0.540,0.000,2.10,0.079,39,55,0.9956,3.39,0.84,11.40,6
6.4,0.530,0.090,3.90,0.123,14,31,0.9968,3.5,0.67,11.00,4
8.3,0.260,0.370,1.40,0.076,8,23,0.9974,3.26,0.7,9.60,6
8.3,0.260,0.370,1.40,0.076,8,23,0.9974,3.26,0.7,9.60,6
7.7,0.230,0.370,1.80,0.046,23,60,0.9971,3.41,0.71,12.10,6
7.6,0.410,0.330,2.50,0.078,6,23,0.9957,3.3,0.58,11.20,5
7.8,0.640,0.000,1.90,0.072,27,55,0.9962,3.31,0.63,11.00,5
7.9,0.180,0.400,2.20,0.049,38,67,0.9960,3.33,0.93,11.30,5
7.4,0.410,0.240,1.80,0.066,18,47,0.9956,3.37,0.62,10.40,5
7.6,0.430,0.310,2.10,0.069,13,74,0.9958,3.26,0.54,9.90,6
5.9,0.440,0.000,1.60,0.042,3,11,0.9944,3.48,0.85,11.70,6
6.1,0.400,0.160,1.80,0.069,11,25,0.9955,3.42,0.74,10.10,7
10.2,0.540,0.370,15.40,0.214,55,95,1.0037,3.18,0.77,9.00,6
10.2,0.540,0.370,15.40,0.214,55,95,1.0037,3.18,0.77,9.00,6
10.0,0.380,0.380,1.60,0.169,27,90,0.9991,3.15,0.65,8.50,5
6.8,0.915,0.290,4.80,0.070,15,39,0.9958,3.53,0.54,11.10,5
7.0,0.590,0.000,1.70,0.052,3,8,0.9960,3.41,0.47,10.30,5
7.3,0.670,0.020,2.20,0.072,31,92,0.9957,3.32,0.68,11.07,6
7.2,0.370,0.320,2.00,0.062,15,28,0.9947,3.23,0.73,11.30,7
7.4,0.785,0.190,5.20,0.094,19,98,0.9971,3.16,0.52,9.57,6
6.9,0.630,0.020,1.90,0.078,18,30,0.9971,3.4,0.75,9.80,5
6.9,0.580,0.200,1.75,0.058,8,22,0.9932,3.38,0.49,11.70,5
7.3,0.670,0.020,2.20,0.072,31,92,0.9957,3.32,0.68,11.10,6
7.4,0.785,0.190,5.20,0.094,19,98,0.9971,3.16,0.52,9.60,6
6.9,0.630,0.020,1.90,0.078,18,30,0.9971,3.4,0.75,9.80,5
6.8,0.670,0.000,1.90,0.080,22,39,0.9970,3.4,0.74,9.70,5
6.9,0.580,0.010,1.90,0.080,40,54,0.9968,3.4,0.73,9.70,5
7.2,0.380,0.310,2.00,0.056,15,29,0.9947,3.23,0.76,11.30,8
7.2,0.370,0.320,2.00,0.062,15,28,0.9947,3.23,0.73,11.30,7
7.8,0.320,0.440,2.70,0.104,8,17,0.9973,3.33,0.78,11.00,7
6.6,0.580,0.020,2.00,0.062,37,53,0.9937,3.35,0.76,11.60,7
7.6,0.490,0.330,1.90,0.074,27,85,0.9971,3.41,0.58,9.00,5
11.7,0.450,0.630,2.20,0.073,7,23,0.9997,3.21,0.69,10.90,6
6.5,0.900,0.000,1.60,0.052,9,17,0.9947,3.5,0.63,10.90,6
6.0,0.540,0.060,1.80,0.050,38,89,0.9924,3.3,0.5,10.55,6
7.6,0.490,0.330,1.90,0.074,27,85,0.9971,3.41,0.58,9.00,5
8.4,0.290,0.400,1.70,0.067,8,20,0.9960,3.39,0.6,10.50,5
7.9,0.200,0.350,1.70,0.054,7,15,0.9946,3.32,0.8,11.90,7
6.4,0.420,0.090,2.30,0.054,34,64,0.9972,3.41,0.68,10.40,6
6.2,0.785,0.000,2.10,0.060,6,13,0.9966,3.59,0.61,10.00,4
6.8,0.640,0.030,2.30,0.075,14,31,0.9955,3.36,0.58,10.40,6
6.9,0.630,0.010,2.40,0.076,14,39,0.9952,3.34,0.53,10.80,6
6.8,0.590,0.100,1.70,0.063,34,53,0.9958,3.41,0.67,9.70,5
6.8,0.590,0.100,1.70,0.063,34,53,0.9958,3.41,0.67,9.70,5
7.3,0.480,0.320,2.10,0.062,31,54,0.9973,3.3,0.65,10.00,7
6.7,1.040,0.080,2.30,0.067,19,32,0.9965,3.52,0.57,11.00,4
7.3,0.480,0.320,2.10,0.062,31,54,0.9973,3.3,0.65,10.00,7
7.3,0.980,0.050,2.10,0.061,20,49,0.9971,3.31,0.55,9.70,3
10.0,0.690,0.110,1.40,0.084,8,24,0.9958,2.88,0.47,9.70,5
6.7,0.700,0.080,3.75,0.067,8,16,0.9933,3.43,0.52,12.60,5
7.6,0.350,0.600,2.60,0.073,23,44,0.9966,3.38,0.79,11.10,6
6.1,0.600,0.080,1.80,0.071,14,45,0.9934,3.38,0.54,11.00,5
9.9,0.500,0.500,13.80,0.205,48,82,1.0024,3.16,0.75,8.80,5
5.3,0.470,0.110,2.20,0.048,16,89,0.9918,3.54,0.88,13.57,7
9.9,0.500,0.500,13.80,0.205,48,82,1.0024,3.16,0.75,8.80,5
5.3,0.470,0.110,2.20,0.048,16,89,0.9918,3.54,0.88,13.60,7
7.1,0.875,0.050,5.70,0.082,3,14,0.9981,3.4,0.52,10.20,3
8.2,0.280,0.600,3.00,0.104,10,22,0.9983,3.39,0.68,10.60,5
5.6,0.620,0.030,1.50,0.080,6,13,0.9950,3.66,0.62,10.10,4
8.2,0.280,0.600,3.00,0.104,10,22,0.9983,3.39,0.68,10.60,5
7.2,0.580,0.540,2.10,0.114,3,9,0.9972,3.33,0.57,10.30,4
8.1,0.330,0.440,1.50,0.042,6,12,0.9954,3.35,0.61,10.70,5
6.8,0.910,0.060,2.00,0.060,4,11,0.9959,3.53,0.64,10.90,4
7.0,0.655,0.160,2.10,0.074,8,25,0.9961,3.37,0.55,9.70,5
6.8,0.680,0.210,2.10,0.070,9,23,0.9955,3.38,0.6,10.30,5
6.0,0.640,0.050,1.90,0.066,9,17,0.9950,3.52,0.78,10.60,5
5.6,0.540,0.040,1.70,0.049,5,13,0.9942,3.72,0.58,11.40,5
6.2,0.570,0.100,2.10,0.048,4,11,0.9945,3.44,0.76,10.80,6
7.1,0.220,0.490,1.80,0.039,8,18,0.9934,3.39,0.56,12.40,6
5.6,0.540,0.040,1.70,0.049,5,13,0.9942,3.72,0.58,11.40,5
6.2,0.650,0.060,1.60,0.050,6,18,0.9935,3.57,0.54,11.95,5
7.7,0.540,0.260,1.90,0.089,23,147,0.9964,3.26,0.59,9.70,5
6.4,0.310,0.090,1.40,0.066,15,28,0.9946,3.42,0.7,10.00,7
7.0,0.430,0.020,1.90,0.080,15,28,0.9949,3.35,0.81,10.60,6
7.7,0.540,0.260,1.90,0.089,23,147,0.9964,3.26,0.59,9.70,5
6.9,0.740,0.030,2.30,0.054,7,16,0.9951,3.45,0.63,11.50,6
6.6,0.895,0.040,2.30,0.068,7,13,0.9958,3.53,0.58,10.80,6
6.9,0.740,0.030,2.30,0.054,7,16,0.9951,3.45,0.63,11.50,6
7.5,0.725,0.040,1.50,0.076,8,15,0.9951,3.26,0.53,9.60,5
7.8,0.820,0.290,4.30,0.083,21,64,0.9964,3.16,0.53,9.40,5
7.3,0.585,0.180,2.40,0.078,15,60,0.9964,3.31,0.54,9.80,5
6.2,0.440,0.390,2.50,0.077,6,14,0.9956,3.51,0.69,11.00,6
7.5,0.380,0.570,2.30,0.106,5,12,0.9961,3.36,0.55,11.40,6
6.7,0.760,0.020,1.80,0.078,6,12,0.9960,3.55,0.63,9.95,3
6.8,0.810,0.050,2.00,0.070,6,14,0.9956,3.51,0.66,10.80,6
7.5,0.380,0.570,2.30,0.106,5,12,0.9961,3.36,0.55,11.40,6
7.1,0.270,0.600,2.10,0.074,17,25,0.9981,3.38,0.72,10.60,6
7.9,0.180,0.400,1.80,0.062,7,20,0.9941,3.28,0.7,11.10,5
6.4,0.360,0.210,2.20,0.047,26,48,0.9966,3.47,0.77,9.70,6
7.1,0.690,0.040,2.10,0.068,19,27,0.9971,3.44,0.67,9.80,5
6.4,0.790,0.040,2.20,0.061,11,17,0.9959,3.53,0.65,10.40,6
6.4,0.560,0.150,1.80,0.078,17,65,0.9929,3.33,0.6,10.50,6
6.9,0.840,0.210,4.10,0.074,16,65,0.9984,3.53,0.72,9.23,6
6.9,0.840,0.210,4.10,0.074,16,65,0.9984,3.53,0.72,9.25,6
6.1,0.320,0.250,2.30,0.071,23,58,0.9963,3.42,0.97,10.60,5
6.5,0.530,0.060,2.00,0.063,29,44,0.9949,3.38,0.83,10.30,6
7.4,0.470,0.460,2.20,0.114,7,20,0.9965,3.32,0.63,10.50,5
6.6,0.700,0.080,2.60,0.106,14,27,0.9967,3.44,0.58,10.20,5
6.5,0.530,0.060,2.00,0.063,29,44,0.9949,3.38,0.83,10.30,6
6.9,0.480,0.200,1.90,0.082,9,23,0.9959,3.39,0.43,9.05,4
6.1,0.320,0.250,2.30,0.071,23,58,0.9963,3.42,0.97,10.60,5
6.8,0.480,0.250,2.00,0.076,29,61,0.9953,3.34,0.6,10.40,5
6.0,0.420,0.190,2.00,0.075,22,47,0.9952,3.39,0.78,10.00,6
6.7,0.480,0.080,2.10,0.064,18,34,0.9955,3.33,0.64,9.70,5
6.8,0.470,0.080,2.20,0.064,18,38,0.9955,3.3,0.65,9.60,6
7.1,0.530,0.070,1.70,0.071,15,24,0.9951,3.29,0.66,10.80,6
7.9,0.290,0.490,2.20,0.096,21,59,0.9971,3.31,0.67,10.10,6
7.1,0.690,0.080,2.10,0.063,42,52,0.9961,3.42,0.6,10.20,6
6.6,0.440,0.090,2.20,0.063,9,18,0.9944,3.42,0.69,11.30,6
6.1,0.705,0.100,2.80,0.081,13,28,0.9963,3.6,0.66,10.20,5
7.2,0.530,0.130,2.00,0.058,18,22,0.9957,3.21,0.68,9.90,6
8.0,0.390,0.300,1.90,0.074,32,84,0.9972,3.39,0.61,9.00,5
6.6,0.560,0.140,2.40,0.064,13,29,0.9940,3.42,0.62,11.70,7
7.0,0.550,0.130,2.20,0.075,15,35,0.9959,3.36,0.59,9.70,6
6.1,0.530,0.080,1.90,0.077,24,45,0.9953,3.6,0.68,10.30,6
5.4,0.580,0.080,1.90,0.059,20,31,0.9948,3.5,0.64,10.20,6
6.2,0.640,0.090,2.50,0.081,15,26,0.9954,3.57,0.63,12.00,5
7.2,0.390,0.320,1.80,0.065,34,60,0.9971,3.46,0.78,9.90,5
6.2,0.520,0.080,4.40,0.071,11,32,0.9965,3.56,0.63,11.60,6
7.4,0.250,0.290,2.20,0.054,19,49,0.9967,3.4,0.76,10.90,7
6.7,0.855,0.020,1.90,0.064,29,38,0.9947,3.3,0.56,10.75,6
11.1,0.440,0.420,2.20,0.064,14,19,0.9976,3.25,0.57,10.40,6
8.4,0.370,0.430,2.30,0.063,12,19,0.9955,3.17,0.81,11.20,7
6.5,0.630,0.330,1.80,0.059,16,28,0.9953,3.36,0.64,10.10,6
7.0,0.570,0.020,2.00,0.072,17,26,0.9958,3.36,0.61,10.20,5
6.3,0.600,0.100,1.60,0.048,12,26,0.9931,3.55,0.51,12.10,5
11.2,0.400,0.500,2.00,0.099,19,50,0.9978,3.1,0.58,10.40,5
7.4,0.360,0.300,1.80,0.074,17,24,0.9942,3.24,0.7,11.40,8
7.1,0.680,0.000,2.30,0.087,17,26,0.9978,3.45,0.53,9.50,5
7.1,0.670,0.000,2.30,0.083,18,27,0.9977,3.44,0.54,9.40,5
6.3,0.680,0.010,3.70,0.103,32,54,0.9959,3.51,0.66,11.30,6
7.3,0.735,0.000,2.20,0.080,18,28,0.9977,3.41,0.6,9.40,5
6.6,0.855,0.020,2.40,0.062,15,23,0.9963,3.54,0.6,11.00,6
7.0,0.560,0.170,1.70,0.065,15,24,0.9951,3.44,0.68,10.55,7
6.6,0.880,0.040,2.20,0.066,12,20,0.9964,3.53,0.56,9.90,5
6.6,0.855,0.020,2.40,0.062,15,23,0.9963,3.54,0.6,11.00,6
6.9,0.630,0.330,6.70,0.235,66,115,0.9979,3.22,0.56,9.50,5
7.8,0.600,0.260,2.00,0.080,31,131,0.9962,3.21,0.52,9.90,5
7.8,0.600,0.260,2.00,0.080,31,131,0.9962,3.21,0.52,9.90,5
7.8,0.600,0.260,2.00,0.080,31,131,0.9962,3.21,0.52,9.90,5
7.2,0.695,0.130,2.00,0.076,12,20,0.9955,3.29,0.54,10.10,5
7.2,0.695,0.130,2.00,0.076,12,20,0.9955,3.29,0.54,10.10,5
7.2,0.695,0.130,2.00,0.076,12,20,0.9955,3.29,0.54,10.10,5
6.7,0.670,0.020,1.90,0.061,26,42,0.9949,3.39,0.82,10.90,6
6.7,0.160,0.640,2.10,0.059,24,52,0.9949,3.34,0.71,11.20,6
7.2,0.695,0.130,2.00,0.076,12,20,0.9955,3.29,0.54,10.10,5
7.0,0.560,0.130,1.60,0.077,25,42,0.9963,3.34,0.59,9.20,5
6.2,0.510,0.140,1.90,0.056,15,34,0.9940,3.48,0.57,11.50,6
6.4,0.360,0.530,2.20,0.230,19,35,0.9934,3.37,0.93,12.40,6
6.4,0.380,0.140,2.20,0.038,15,25,0.9951,3.44,0.65,11.10,6
7.3,0.690,0.320,2.20,0.069,35,104,0.9963,3.33,0.51,9.50,5
6.0,0.580,0.200,2.40,0.075,15,50,0.9947,3.58,0.67,12.50,6
5.6,0.310,0.780,13.90,0.074,23,92,0.9968,3.39,0.48,10.50,6
7.5,0.520,0.400,2.20,0.060,12,20,0.9947,3.26,0.64,11.80,6
8.0,0.300,0.630,1.60,0.081,16,29,0.9959,3.3,0.78,10.80,6
6.2,0.700,0.150,5.10,0.076,13,27,0.9962,3.54,0.6,11.90,6
6.8,0.670,0.150,1.80,0.118,13,20,0.9954,3.42,0.67,11.30,6
6.2,0.560,0.090,1.70,0.053,24,32,0.9940,3.54,0.6,11.30,5
7.4,0.350,0.330,2.40,0.068,9,26,0.9947,3.36,0.6,11.90,6
6.2,0.560,0.090,1.70,0.053,24,32,0.9940,3.54,0.6,11.30,5
6.1,0.715,0.100,2.60,0.053,13,27,0.9936,3.57,0.5,11.90,5
6.2,0.460,0.290,2.10,0.074,32,98,0.9958,3.33,0.62,9.80,5
6.7,0.320,0.440,2.40,0.061,24,34,0.9948,3.29,0.8,11.60,7
7.2,0.390,0.440,2.60,0.066,22,48,0.9949,3.3,0.84,11.50,6
7.5,0.310,0.410,2.40,0.065,34,60,0.9949,3.34,0.85,11.40,6
5.8,0.610,0.110,1.80,0.066,18,28,0.9948,3.55,0.66,10.90,6
7.2,0.660,0.330,2.50,0.068,34,102,0.9941,3.27,0.78,12.80,6
6.6,0.725,0.200,7.80,0.073,29,79,0.9977,3.29,0.54,9.20,5
6.3,0.550,0.150,1.80,0.077,26,35,0.9931,3.32,0.82,11.60,6
5.4,0.740,0.090,1.70,0.089,16,26,0.9940,3.67,0.56,11.60,6
6.3,0.510,0.130,2.30,0.076,29,40,0.9957,3.42,0.75,11.00,6
6.8,0.620,0.080,1.90,0.068,28,38,0.9965,3.42,0.82,9.50,6
6.2,0.600,0.080,2.00,0.090,32,44,0.9949,3.45,0.58,10.50,5
5.9,0.550,0.100,2.20,0.062,39,51,0.9951,3.52,0.76,11.20,6
6.3,0.510,0.130,2.30,0.076,29,40,0.9957,3.42,0.75,11.00,6
5.9,0.645,0.120,2.00,0.075,32,44,0.9955,3.57,0.71,10.20,5
6.0,0.310,0.470,3.60,0.067,18,42,0.9955,3.39,0.66,11.00,6
